inv_id,registry_status,truth_engine,physical_files,investigation,run_state,certification,handoff,run_card,renard,coverage_class
INV-026,CLOSED,DELIVERY_PASS_R3P1,5,True,True,True,True,False,False,COMPLETE_OR_NEAR_COMPLETE
INV-027,CLOSED,DELIVERY_PASS_R3P1,5,True,True,True,True,False,False,COMPLETE_OR_NEAR_COMPLETE
INV-028,CLOSED,DELIVERY_PASS_R3P1,5,True,True,True,True,False,False,COMPLETE_OR_NEAR_COMPLETE
INV-158,CLOSED,DELIVERY_PASS_R3P1,4,False,True,False,False,True,False,PARTIAL_PHYSICAL_RECOVERY
INV-159,CLOSED,DELIVERY_PASS_R3P1,2,False,False,False,False,False,False,PARTIAL_PHYSICAL_RECOVERY
INV-160,CLOSED,DELIVERY_PASS_R3P1,9,True,True,True,True,True,True,COMPLETE_OR_NEAR_COMPLETE
INV-161,CLOSED,DELIVERY_PASS_R3P1,7,True,False,True,True,False,False,PARTIAL_PHYSICAL_RECOVERY
INV-162,CLOSED,DELIVERY_PASS_R3P1,6,True,False,False,True,True,False,PARTIAL_PHYSICAL_RECOVERY
INV-166,CLOSED,DELIVERY_PASS_R3P1,10,True,True,True,True,True,True,COMPLETE_OR_NEAR_COMPLETE
