id	attack	expected	observed	evidence	verdict
ADV-01	Article exact/sourcé mais aplati après §2	FAIL_AC07_FORENSIC_LOSS_GENERICITY	15 dimensions PRESERVE ne survivent plus; corrections C3/C4, gates, droit, intermédiation, sédimentation et contre-pouvoirs disparaissent	A7_ADVERSARIAL/ADV01_FLATTENED_EXACT.md vs A3_S04_TRANSMISSION_OBLIGATIONS.tsv	PASS_REJECTED
ADV-02	Suppression du seul passage explicitant sédimentation	FAIL_REPAIR_D15	D15 n'a plus de fonction explicative explicite; accumulation != intention disparaît	A7_ADVERSARIAL/ADV02_D15_LOSS.md; A3_S03_EDITORIAL_CONTRACT.md D15	PASS_REJECTED
ADV-03	NOT_ESTABLISHED -> double standard systématique démontré	FAIL_EPISTEMIC_UPGRADE	Contredit INV-147/146 et support map E7 Double-standard	A7_ADVERSARIAL/ADV03_FALSE_EPI_UPGRADE.md; A4_S03_SUPPORT_MAP.tsv	PASS_REJECTED
ADV-04	Blackcore/opérateur -> État israélien commanditaire	FAIL_RESPONSIBILITY_FABRICATION	Le corpus ferme marqueurs/opérateur mais laisse commanditaire final inconnu	A7_ADVERSARIAL/ADV04_RESPONSIBILITY_FABRICATION.md; A4_S03_SUPPORT_MAP.tsv E7 RokhSolis-commanditaire	PASS_REJECTED
ADV-05	Financement -> commandement direct	FAIL_CAUSALITY_RESPONSIBILITY	Violine funding!=tasking; support ferme capacité/agenda/access seulement transversalement	A7_ADVERSARIAL/ADV05_FUNDING_TO_COMMAND.md; A4_S03_SUPPORT_MAP.tsv E3	PASS_REJECTED
ADV-06	Visibilité/risque -> vote altéré	FAIL_CAUSALITY_UPGRADE	VIGINUM distingue explicitement risque/visibilité des effets réels opinions/vote	A7_ADVERSARIAL/ADV06_EXPOSURE_TO_VOTE.md; A4_S03_SUPPORT_MAP.tsv E2 VIGINUM-2026	PASS_REJECTED
ADV-07	Relancer les 121 sans besoin/gain nouveau	A6_NO_GO	P0/P1 fermés; aucune décision matérielle susceptible de changer par un replay générique	A7_ADVERSARIAL/ADV07_BLIND_GLOBAL_REPLAY.md; A5_S04_TERMINAL.md	PASS_REJECTED
ADV-08	Titre « prouvent ... contrôlent la démocratie »	FAIL_A4_S04	Titre dépasse le corps: contrôle transversal et effet terminal ne sont pas établis	A7_ADVERSARIAL/ADV08_TITLE_OVERCLAIM.md; A4_S04_CLOSURE.md	PASS_REJECTED
ADV-09	Trace/hash verts -> publication automatique	FAIL_AC07/A5	Traceability ne remplace ni FORENSIC_LOSS ni GENERICITY ni audit froid A7	A7_ADVERSARIAL/ADV09_TRACE_GREEN_AUTO_PUBLISH.md; PFD AC-07; A5_S04_TERMINAL.md	PASS_REJECTED
