physical_source_file,sha256,bytes,logical_ids,logical_id_count
INV-001-R1_REPLAY.md,c3b02fe75ee3ccd0804ac9ab420489b1b7af7710b7aa9920aa00a4f626ed1105,2900,INV-001,1
INV-002_REPORT.md,f4de1fac8ea62469b00987cc8461e2bc702b98b66a501f0fb6c930f7dcd5503b,12301,INV-002,1
INV-010_RUN_HANDOFF.md,98ab3ccd5806547ffa3e0783c9486047d6fa02de01123162c3bb573da49c7bef,2842,INV-010,1
INV-011_RUN_HANDOFF.md,5ea4d64db55b0ce39d3ed2bbc6cbbc3c3b07fd3cf39fa605685f7606b37d6a4b,3513,INV-011,1
INV-012_RUN_HANDOFF.md,e5fd7fa9b4d13e73a2f9f14418c086751c4ed6f313afe99d0ea483e4be615396,1905,INV-012,1
INV-013_RUN_HANDOFF.md,d96a84e8243169abd5b2c58ea9ea2a8c062e627433e8d4850f98b3056006854d,3913,INV-013,1
INV-014_RUN_HANDOFF.md,50ce7bf024113125c6f2058fb78780dd5cfa32ec2d7147c3c28db38ae6bb54d9,3072,INV-014,1
INV-015_RUN_HANDOFF.md,db01166e3c5ecc274633c22d6e707ed17461d40aec2b03eaae3b0553f624cd31,2953,INV-015,1
INV-016_RUN_HANDOFF.md,ba72ebf222c756a256a208234bed3d9e2b25e83771cce0257f547252fb60166b,3328,INV-016,1
INV-017_RUN_HANDOFF.md,721166f78b6fc4a851f52ede8d46ea2160063b06425d87560d78c8ca2cda51ef,4222,INV-017,1
INV-018_RUN_HANDOFF.md,f9e6ab9a87f93fb79ee879c84e96ea6bc9de8459a5f9af78851277f868391da7,1773,INV-018,1
INV-019_RUN_HANDOFF.md,c72fff3b19b5ab1b2bd36b064544c1a3635f42e3d30b99c8c225e616f1d76c9b,2438,INV-019,1
INV-021_RUN_HANDOFF.md,b0d39c25d01137befba1657c01d41c9d110715e66fad76a0d219d7c5cd830825,4935,INV-021,1
INV-022_RUN_HANDOFF.md,23728306a8c672f7ed4b31f7e8c668676a16dcb6a295716df25697855d03ebe0,5292,INV-022,1
INV-023_RUN_HANDOFF.md,defda8829828ff9b8bd85fd99887da2f75b5d01c79cbb90f2dedb7d55ec810b1,5660,INV-023,1
INV-025_RUN_HANDOFF.md,53c7f49ab0020f83cdc2ddfc4fa2f87af61011044ebb884bfc90f424cbb7de0d,3756,INV-025,1
INV-026_RUN_HANDOFF.md,bf70cae7b998ae0aa16949f1f12cb8258d4d4de9527316832b9cb398531ae4cb,3144,INV-026,1
INV-027_RUN_HANDOFF.md,4f5f3e49e73d863a66bcf8a228cc93005b57e22ca07e46cffa4991b040cde3f8,3701,INV-027,1
INV-028_RUN_HANDOFF.md,4ba6f5f56688585cbd83d323ad16676e615a881434d3849b4ea6d0cd26def8d0,3672,INV-028,1
INV-029_RUN_HANDOFF.md,893fdc5fc47202de0c22b362eca6dc7586b52edf0262274c6dd93884693be6c0,2764,INV-029,1
INV-030_RUN_HANDOFF.md,b3366c5aef1e512fa479bcf819fc0ad87ec86aa93af76b5452be2878d3bb1bf8,3921,INV-030,1
INV-033_RUN_HANDOFF.md,a33fa3cb614d41e2c2ac4319f2081bfaa210f7f556997cc853ac81a5b5549ebb,2430,INV-033,1
INV-036_RUN_HANDOFF.md,24381e87846ca89bd5446739a061ed75198483c2a3da27b67882a89f83d84485,3717,INV-036,1
INV-037_RUN_HANDOFF.md,a48f909396f4272cea5c9743915743d4f8b9d7ab4086e1b0ce4377f4166c93a5,3004,INV-037,1
INV-038_SYNTHESIS.md,4f56b4c79a972bb0175ce81de8097661c3cc4a23d076179dc491fbb2d0e90a88,4972,INV-038,1
INV-039_RUN_HANDOFF.md,f161f85f3b3e4ac598054a114b461a01b480ef2fb646c39112e3ff7df8733748,3796,INV-039,1
INV-040_SYNTHESIS.md,63608989b4fb5b34abb26c9cb1a7a0d840109c8e7158b20dcc30540f540d54f7,11197,INV-040,1
INV-041_RUN_HANDOFF.md,755ca22180fafb8699be5da76c9ebd24d62e5ed39d17312906942491763342f9,3932,INV-041,1
INV-042_RUN_HANDOFF.md,ee30ab176cfb9f73b9f225cb9ff05d0d994d3913f667954800580c20ccb87925,3320,INV-042,1
INV-043_RUN_HANDOFF.md,f9a2ef582d9a35ca8b7de6dfefeaf578dacac1544834a7a4cbb4ee2ba14f3ac9,4027,INV-043,1
INV-044_RUN_HANDOFF.md,e85cbeebba1a91a9a084b1ed811144dee0e9db755c867b30fd0b5ae2ecf1fda1,1737,INV-044,1
INV-045_RUN_HANDOFF.md,dceb321e6ed9d0f0e13be5d6cd7a12cfacbdda929b2ec10c0a83eaa70088cc01,2228,INV-045,1
INV-046_RUN_HANDOFF.md,eb957002612d086217cba34030f91e3b867844744ad07a9811e06aabb9359b12,2877,INV-046,1
INV-047_RUN_HANDOFF.md,117e7b67c5ad6c68fc006ca02c7991665b9b561bc5ede80f942ddb9cca492533,4724,INV-047,1
INV-048_RUN_HANDOFF.md,02ae047dac6d31df1353295080acb7130200919098357b5af1fbca5af5c4a3a2,3435,INV-048,1
INV-049_RUN_HANDOFF.md,53b700412f23822520263f58965856384a77fa82053df12fc2d5ea6671830bfa,2398,INV-049,1
INV-051_RUN_HANDOFF.md,b11e8dee775ff460c6e4465c9afff31892c4d1b4f2ab34e3902944f6379a10e0,3222,INV-051,1
INV-052_SYNTHESIS.md,bb1a88870a0b2cf0455f516dfc7d2126c063987cb120a7d655842cccb82d7c4d,4988,INV-052,1
INV-053_RUN_HANDOFF.md,fb2e4daf5d4dc5aa473f5a661388d34c3783a82f3549b2327353d873c038f094,2930,INV-053,1
INV-054_RUN_HANDOFF.md,64c37752d4c1dd713f6143766d652b8c6fe39981e603fcc2854d9cb71d574c1a,2661,INV-054,1
INV-056_RUN_HANDOFF.md,58fed8118644f023e532a2b8caaa5171f5d2de322678aa15dcbced8dfa095f1b,1723,INV-056,1
INV-057_RUN_HANDOFF.md,ccf6fb7ae7f4d3ccd80bf3c17c22c24197d77ae991ac294a723289d9f0447136,3576,INV-057,1
INV-059_RUN_HANDOFF.md,845d2d2e14d0113d4fea5dc6a9b3d7cf601684ba7e19e8e6ecf9d54f2a4058c7,1816,INV-059,1
INV-061_RUN_HANDOFF.md,813cd846510520e203eb8d8d7b6c11bc3038b2387dfaea7d6490839926cf26c0,3369,INV-061,1
INV-062_RUN_HANDOFF.md,ff8c52095e6353afcab4db2c226362d72014307be52f53f4ca833117de358560,3773,INV-062,1
INV-063_RUN_HANDOFF.md,e4aa5123897bac2249ef2ff417b37f82f850e7eaf55078057532aa4989007335,3905,INV-063,1
INV-064_RUN_HANDOFF.md,b640f9d3db3bbbffc11ce25c641337a78cb86eb2990b564f19db6086edccf5af,3758,INV-064,1
INV-065_RUN_HANDOFF.md,77e5c74246009f39c29e69e5e8fa89af9190431a8674708d6bf2d46ae6e510eb,3647,INV-065,1
INV-066_RUN_HANDOFF.md,cb886e3c3e41a2ab8cd0190f47a6f2fecbeb47ddd9240fce20540447bc142d8f,3829,INV-066,1
INV-067_RUN_HANDOFF.md,491e2462883df117ac08e8d27eba9f6b9c5315d51f37cf60bc711630da7af532,3421,INV-067,1
INV-068_SYNTHESIS.md,94f8cb692c0bcd707cdb7a1569dbbae1038bdc3b62636507b57b1894374255f2,5422,INV-068,1
INV-069_RUN_HANDOFF.md,1d92538236ec5013049116c6e3a3f2b3b561977decff76cba35af3850eb36ff8,1758,INV-069,1
INV-070_RUN_HANDOFF.md,cdb0b841de1ae2450eb3c71699a8f18e5fdd15377ccbc1ca9cac39fe6577d837,3110,INV-070,1
INV-071_RUN_HANDOFF.md,40a5c487ae9f5367cd68895cc24b8d18fd90bf66e4f4d960e9164c2585309879,3228,INV-071,1
INV-072_RUN_HANDOFF.md,84bd7a9bb42b360015dce03253894b321aec0414c007b14947ac660091fa2db4,4260,INV-072,1
INV-073_RUN_HANDOFF.md,c6dd70c432227a9848af85f33b2945ffab61c89f5243fa628653d8da39664572,1740,INV-073,1
INV-074_RUN_HANDOFF.md,0dd8408e1a3def70e7b1d68fa17cc12c37625221a9b5b07a4bbf3499268a9bbb,3803,INV-074,1
INV-075_RUN_HANDOFF.md,064fd35d2b7328ed7c8e590decfaf7b095d40487c6f64dbc29525cf6906d0db6,3132,INV-075,1
INV-076_RUN_HANDOFF.md,771b4fcd632f121e1cdccc30a9303123bfd585d7955d40068b49f57e23673111,3531,INV-076,1
INV-077_RUN_HANDOFF.md,ef05173c09f583d7fc118bf7f727fc719f09851b0708df6e3b095c3de178cf49,3279,INV-077,1
INV-078_RUN_HANDOFF.md,820b5052c0c05b1e60f1cb07524d0f9674e0b0a41f1175a398e183bc01ecd115,2188,INV-078,1
INV-079_RUN_HANDOFF.md,347ac9fc7596619782f4070151be540e793026e2bdc45325ce901139304a87d6,2133,INV-079,1
INV-080_RUN_HANDOFF.md,fdcb8afe0233186f15b7fbb8a1c3e157a3cb255078cc5423eed8c477f989a355,1784,INV-080,1
INV-081_RUN_HANDOFF.md,7ac635ec0f5e0726c2cd08bbf7c8d26dcc93daf688c6214ce4080a38bdb11a5f,3953,INV-081,1
INV-082_SYNTHESIS.md,c9b3824143ca02980d5798b273f3c329bf12beccb492fdb56ea6fa1ef06a0dcd,9534,INV-082,1
INV-084_RUN_HANDOFF.md,e91978859578c16f797f7d21c77e44a3b600265928900ccdf1cd2355af6e7974,3259,INV-084,1
INV-085_RUN_HANDOFF.md,907c1e8bee0a4a740bdea31ea0e0fc9ec135297ea1547dc812d52fc1aed49273,2420,INV-085,1
INV-087_RUN_HANDOFF.md,9568fc6349237c10b61372e53cc9073324aa9dbeaf328f0c4eb0d60a6165d591,1347,INV-087,1
INV-088_SYNTHESIS.md,222bdeced218b48817447b96f6a3f2b2a8ae92b446d9f7a704d2c747ca3ad430,5919,INV-088,1
INV-089_RUN_HANDOFF.md,f55f6adbd79e856d180ecefcbec827830f60d2edf4fd987e04ead6253d93325d,1681,INV-089,1
INV-090_RUN_HANDOFF.md,aafa90efe1ca71f242054b2dec739cf474280f501e117c3fe4d6d657e4321d08,1882,INV-090,1
INV-091_RUN_HANDOFF.md,b722a7d3838c47ef0be6cb13bf8ca1b063eb84886492539332e8ada6806c6e19,1860,INV-091,1
INV-092_RUN_HANDOFF.md,cc70c2ee7a0098512ad81091483838a874a9427768bc957be1d0f9c86b1152e0,3937,INV-092,1
INV-093_RUN_HANDOFF.md,0b0feab1eab4df6e1799ac2bb16b7ad0d89bbfd9130fa886690c1e4c19c1b3d5,2602,INV-093,1
INV-094_RUN_HANDOFF.md,d89b413cf5fe2f76579596f8875556f04229a0c5debc7137ddaf3d8d9a5faf80,2491,INV-094,1
INV-095_SYNTHESIS.md,c0726eb30f415d1a97bb57f10bb858634fd76b00a18db78cca51893e03c28f90,6715,INV-095,1
INV-096_RUN_HANDOFF.md,a0d11d332dd841506a408c45436fbc9d4b07092e1c102ff84b1c0e323e201f87,1637,INV-096,1
INV-097_RUN_HANDOFF.md,fb6019477f47e8976ce16620fad1eb177f16c85cbb1b101a5b767f94ba271d29,2365,INV-097,1
INV-098_RUN_HANDOFF.md,d3fd028f48ac3bba7ad6305d00887db5f73d0021734d1be279ccb018950f0c5a,2281,INV-098,1
INV-099_RUN_HANDOFF.md,2d6c454ecd3ed8af64cf61328461cd69ba7b227eff1dd40fe88e412b5771c1a4,2190,INV-099,1
INV-100_RUN_HANDOFF.md,aa8fb0bf28eb888c88e5c913703a9e5d008ab7dc73bd3e052e193dc98bd385e6,1524,INV-100,1
INV-102_SYNTHESIS.md,75fa98241d24fd42da93cc65aaa5fd55b9e4799ca3c14505d865591e2f100777,6893,INV-102,1
INV-103_RUN_HANDOFF.md,b5bfb845e9f5ee571f577313a973c6bf15556ef64ebe63b5829d20f3c45f873f,3606,INV-103,1
INV-104_SYNTHESIS.md,2c52d84aa40b9a63c7a42e4a706d209eb222dccc208d16b1ebc24bae15e8d36f,4433,INV-104,1
INV-111_RUN_HANDOFF.md,6926d8a7bcb0b0bf7a9e9cb0e3d5fddc9398118c98b949d58cd7b9f47fff8f7a,2859,INV-111,1
INV-112_RUN_HANDOFF.md,3e8783729ce6d1e63330a509cdf26043a1efcfe5110e2628085218e6a1190e3e,3030,INV-112,1
INV-119_RUN_HANDOFF.md,2ae552aa65bc3527c5d9cd1900ac41df1ab959bae5a9ddc187934bab330f3d19,4709,INV-119,1
INV-120_RUN_HANDOFF.md,cbf2277dd041b749c75d2f3d5425d561ef73f19db3ae1f31f08603abaa509b60,3335,INV-120,1
INV-121_RUN_HANDOFF.md,7637fed954f2368f4d929d866c4ab46741e5f79ab5c1b91f0c2019130f6781d4,3077,INV-121,1
INV-122_RUN_HANDOFF.md,6a087d28dfa41f6466bca744740ccb43a336630e93fa132bf767f89fb7b21468,3016,INV-122,1
INV-124_RUN_HANDOFF.md,9c77cc8bafdf50cb43bad1b99fa96a1347f5b205170b78ebebdf5bd2478a14b4,2287,INV-124,1
INV-125_RUN_HANDOFF.md,f3a42319fe6504421589f0a5856c94013d34f0f541d7cfceb4898d39b9d84c25,3227,INV-125,1
INV-126_RUN_HANDOFF.md,80178eb5a73f3cab427f2e5f68064ac8cc8c5aa1162b3643e900861872201604,3373,INV-126,1
INV-127_RUN_HANDOFF.md,1df04f65fe231d6622003cc287355719a10bd3d9a18b5b2ee4f450d495a80fd7,4345,INV-127,1
INV-128_RUN_HANDOFF.md,e6ebbe716642c098fccd8d02f7ebd4bb6677f8647b7022e530d0c83fbdfc977d,4354,INV-128,1
INV-129_SYNTHESIS.md,95bcf40b55ad2776e77aabed0e089d442043f0357e8528c85e7e9bd885688de5,9639,INV-129,1
INV-130_RUN_HANDOFF.md,3c8bff38c670b740e936bb8fe8813ca69160f2ce6c0f9330dc8245e838ec9b80,5034,INV-130,1
INV-131_RUN_HANDOFF.md,cb41fa76b99a2e8a0b743c02a5600112b07079b3ea78bf151e34a6dad1aa0b62,4924,INV-131,1
INV-132_RUN_HANDOFF.md,8c562eaac0781514ebc237c2202b41284a9529f1e1bd33ee89db0edf67fd0673,4232,INV-132,1
INV-133_SYNTHESIS.md,548453768fca7f36828d2415fb51cd13492e25906a715f8ade2b81f0a7545ed3,13195,INV-133,1
INV-134_RUN_HANDOFF.md,86ecbc873978c6a375d21dd9f145f299f2ba3edd8460615d040034b459e7cd6a,4677,INV-134,1
INV-135_RUN_HANDOFF.md,656b7327adaeb9c776c276883292f54f4ff53d4d41607c14bd4a76532ca03187,4587,INV-135,1
INV-136_RUN_HANDOFF.md,89ec70a74acccd17ec08856f6d2368b124cc34ee354f6f8b0fd78acd86175f9b,4311,INV-136,1
INV-137_RUN_HANDOFF.md,ffe90b6162ddec2d94bd84cf90fadaa18829b18ff6ce03c6f32970ea9092a85f,4644,INV-137,1
INV-138_RUN_HANDOFF.md,33cf00cd572c2109187d853d87848aa22c0d81371fdbfcc089e3a085d8551845,3725,INV-138,1
INV-141_RUN_HANDOFF.md,98f326e53fb15de5aca4ee9167baa951e6f27ec34d19c3379426bf691288acf0,1852,INV-141,1
INV-142_RUN_HANDOFF.md,e456020e4cd9ff6e9d3237181589e150354759a789f3bebfc186975af6bad6fc,1703,INV-142,1
INV-143_RUN_HANDOFF.md,4189a0ba0643aff7ca2229584106c1956d066a6d2fb64b62b5c196538f03d72f,2404,INV-143,1
INV-144_SYNTHESIS.md,61bae983b3aa9d09aded345166d9a1edced884fe4a2c379468c916f8af01c9f0,10094,INV-144,1
INV-145_RUN_HANDOFF.md,e1987224267601dc9d8ea84bbf33137cd9d2df7b0b348484cb26e7be6a085aee,2885,INV-145,1
INV-146_SYNTHESIS.md,9cf2a68c467cdc3a850e4494bda6b32044ee4f003d4623f4b161a62624bd3f8b,19289,INV-139 ; INV-140 ; INV-146,3
INV-147_RUN_HANDOFF.md,16939bfcfb3bfd441029b65434eb7c230c3f2b45a67edc516b19d09f5e1ee575,5067,INV-147,1
METHOD_PACK.md,845ce64c23f1ad4184dc1cb016b90bf694f56dc65df16d36d26085d07201439d,10418,INV-003 ; INV-004 ; INV-005 ; INV-006 ; INV-007 ; INV-008,6
