id,_type,objet,nature,source,codeCPV,montant,dureeMois,formePrix,procedure,offresRecues,dateNotification,datePublicationDonnees,dateSignature,acheteur_id,acheteur_nom,titulaires_siret,titulaires_nom,lieuExecution_code,typeGroupementOperateurs,modifications,ref__file_date,correction_doublon,acheteur_siren,acheteur_siret,acheteur_luhn,titulaires_siret_norm,titulaires_siren,titulaires_luhn,cle_dedup,statut_dedup,rne_statut
000,Marché,Accord-cadre de prestations intellectuelles portant sur une mission d'Assistance à Maitrise d'Ouvrage Foncier,Marché,marches-publics_aws,79140000,5000000.0,48,Mixte,Procédure avec négociation,3,2026-04-10,2026-04-28,,82953599600039,,42912377100074;63204414500043;99974648000014,,60200,Conjoint,,2026-05-02 00:30:11,,829535996,82953599600039,OK,42912377100074;63204414500043;99974648000014,429123771;632044145;999746480,OK;OK;OK,DEGRADE:000|accord-cadre de prestations intellectuelles portant sur une mission d'assistance a maitrise d'ouvrage foncier|82953599600039|marches-publics_aws,UNIQUE,RESOLU;RESOLU;RESOLU
000,Marché,Assistance à maîtrise d'ouvrage - Mission d'économiste de la construction,Marché,marches-publics_aws,71321100,1381850.0,48,Mixte,Appel d'offres ouvert,4,2026-05-12,2026-05-28,,82953599600039,,79287112100010,,60200,Conjoint,,2025-12-31 23:59:59,,829535996,82953599600039,OK,79287112100010,792871121,OK,DEGRADE:000|assistance a maitrise d'ouvrage - mission d'economiste de la construction|82953599600039|marches-publics_aws,UNIQUE,RESOLU
000,Marché,"Assistance à maîtrise d'ouvrage pour la communication de proximité ""Compiégnois""",Marché,marches-publics_aws,79416000,700000.0,36,Unitaire,Marché passé sans publicité ni mise en concurrence préalable,1,2026-05-22,2026-07-17,,82953599600039,,39998876500042;80258019100046,,60200,Solidaire,,2026-07-18 00:30:11,,829535996,82953599600039,OK,39998876500042;80258019100046,399988765;802580191,OK;OK,"DEGRADE:000|assistance a maitrise d'ouvrage pour la communication de proximite ""compiegnois""|82953599600039|marches-publics_aws",UNIQUE,RESOLU;RESOLU
000,Marché,Exploitation de la plateforme trimodale de Ribécourt,Marché,marches-publics_aws,63711000,4900000.0,48,Mixte,Procédure avec négociation,1,2026-06-12,2026-07-08,,82953599600039,,13002271800014,,60170,Pas de groupement,,2026-07-11 00:30:13,,829535996,82953599600039,OK,13002271800014,130022718,OK,DEGRADE:000|exploitation de la plateforme trimodale de ribecourt|82953599600039|marches-publics_aws,UNIQUE,RESOLU
000D0390,Marché,"Accord-cadre de prestations intellectuelles portant sur une mission d'Assistance à Maitrise d'Ouvrage Foncier - Lot n°B ""Suivi des procédures d'AFAFE""",Marché,marches-publics_aws,79140000,1800000.0,48,Unitaire,Procédure avec négociation,3,2026-04-14,2026-07-09,,82953599600039,,63204414500043,,60200,Pas de groupement,,2026-07-11 00:30:13,,829535996,82953599600039,OK,63204414500043,632044145,OK,"DEGRADE:000D0390|accord-cadre de prestations intellectuelles portant sur une mission d'assistance a maitrise d'ouvrage foncier - lot n°b ""suivi des procedures d'afafe""|82953599600039|marches-publics_aws",UNIQUE,RESOLU
2026T14842,Marché,"Le présent marché subséquent a pour objet une fouille archéologique préventive AJ, site 29, à Sauchy-Lestrée (Pas-de-Calais), secteur 4 (S4F16) prescrite par l’arrêté de prescription de fouilles modificatif numéro CSNE-2026-82-A6.",Marché,AIFE_PLACE,45112000-5,3635167.0,45,Mixte,Procédure avec négociation,3,2026-06-05,2026-06-09,,82953599600039,,49182568300205,,60,Pas de groupement,,2026-06-10 03:30:20,,829535996,82953599600039,OK,49182568300205,491825683,OK,2026T14842|82953599600039|AIFE_PLACE,UNIQUE,RESOLU
2026T15531,Marché,"S2F10 - D187 Fouille archéologique préventive S2F10 Fouille AI  - Nesle (Somme) 
",Marché,AIFE_PLACE,45112000-5,1423446.3,43,Mixte,Procédure adaptée,2,2026-06-16,2026-06-16,,82953599600039,,18009226400225,,80,Pas de groupement,,2026-06-17 03:30:21,,829535996,82953599600039,OK,18009226400225,180092264,OK,2026T15531|82953599600039|AIFE_PLACE,UNIQUE,RESOLU
2550933,Marché,"La Société du Canal Seine Nord Europe procède à la déconstruction totale ou partielle de bâtis dans le cadre de la construction du Canal, comprenant les travaux de désamiantage et de démolition, la gestion des déchets, le traitement des sources de pollution concentrées, généralement circonscrites à des zones limitées et la mise en place de dispositifs interdisant l’accès aux sites . - Lot 2 (B061) : biens 1, 3, 5, 6 , 11, 12 et 13",Marché,AIFE_PLACE,45110000-1,435000.0,24,Forfaitaire,Procédure adaptée,4,2024-07-31,2024-09-18,,82953599600039,,30805498000021,,60,Pas de groupement,,2026-06-18 09:15:33,,829535996,82953599600039,OK,30805498000021,308054980,OK,2550933|82953599600039|AIFE_PLACE,UNIQUE,RESOLU
2550937,Marché,"La Société du Canal Seine Nord Europe procède à la déconstruction totale ou partielle de bâtis dans le cadre de la construction du Canal, comprenant les travaux de désamiantage et de démolition, la gestion des déchets, le traitement des sources de pollution concentrées, généralement circonscrites à des zones limitées et la mise en place de dispositifs interdisant l’accès aux sites . - Lot 3 (B061) : biens de 14 à 18",Marché,AIFE_PLACE,45110000-1,710000.0,36,Forfaitaire,Procédure adaptée,4,2024-07-31,2024-09-18,,82953599600039,,30805498000021,,60,Pas de groupement,,2026-06-18 09:15:33,,829535996,82953599600039,OK,30805498000021,308054980,OK,2550937|82953599600039|AIFE_PLACE,UNIQUE,RESOLU
2559956,Marché, Lot 3 - Fouilles archéologiques - Protohistoire,Marché,AIFE_PLACE,45112000-5,110000.0,2,Mixte,Procédure avec négociation,5,2024-07-15,2024-09-27,,82953599600039,,22620001200012,,60,Pas de groupement,,2026-06-18 09:15:33,,829535996,82953599600039,OK,22620001200012,226200012,OK,2559956|82953599600039|AIFE_PLACE,UNIQUE,RESOLU
2560166,Marché,"Le marché subséquent objet de la présente consultation a pour objet une fouille archéologique préventive à Sauchy Lestrée (Pas?de?Calais) secteur 4, prescrite par l’arrêté de prescription de fouilles CSNE?2023?44?T022?A4 en date du 26/09/2023, et complété par l’arrêté modificatif CSNE?2024?44?T022?A5 en date du 16/01/2024.
",Marché,AIFE_PLACE,45112000-5,688767.5,5,Mixte,Procédure avec négociation,5,2024-07-19,2024-09-27,,82953599600039,,22620001200012,,60,Pas de groupement,,2026-06-18 09:15:33,,829535996,82953599600039,OK,22620001200012,226200012,OK,2560166|82953599600039|AIFE_PLACE,UNIQUE,RESOLU
2573559,Marché,Lot 1 - Construction de quais travaux à Noyon ,Marché,AIFE_PLACE,45241100-9,1234448.0,12,Mixte,Appel d'offres ouvert,6,2024-09-30,2024-10-10,,82953599600039,,32065170600071,,60,Pas de groupement,,2026-06-18 03:51:50,,829535996,82953599600039,OK,32065170600071,320651706,OK,2573559|82953599600039|AIFE_PLACE,UNIQUE,RESOLU
2573567,Marché,"Lot 2 : Construction de quais travaux à Aubencheul-au-Bac dans le cadre du projet du Canal Seine Nord Europe.
",Marché,AIFE_PLACE,45241100-9,2524660.12,15,Mixte,Appel d'offres ouvert,5,2024-09-30,2024-10-10,,82953599600039,,34902695500253,,60,Pas de groupement,,2026-06-18 03:51:50,,829535996,82953599600039,OK,34902695500253,349026955,OK,2573567|82953599600039|AIFE_PLACE,UNIQUE,RESOLU
2583544,Marché,Marché subséquent sur le Lot 3 - Protohistoire de l'AC 20TRI053C portant sur des fouilles archéologiques préventives sur le territoire de la commune d'ALLAINES (Somme) pour le S3 - Tranche opérationnelle 16 - Fouilles I - S3F02,Marché,AIFE_PLACE,45112000-5,1795605.35,15,Forfaitaire,Procédure avec négociation,2,2024-10-24,2024-10-31,,82953599600039,,49182568300205,,80,Pas de groupement,,2026-06-18 03:51:50,,829535996,82953599600039,OK,49182568300205,491825683,OK,2583544|82953599600039|AIFE_PLACE,UNIQUE,RESOLU
2596399,Marché,FOURNITURE DE NICHOIRS A OISEAUX ET GITES A CHAUVES-SOURIS POUR LES SECTEURS 2 A 4 DU CANAL SEINE-NORD EUROPE (marché B117),Marché,AIFE_PLACE,39142000-9,89750.0,8,Unitaire,Procédure adaptée,2,2024-11-18,2024-11-19,,82953599600039,,77571066800028,,60,Pas de groupement,,2026-06-18 03:51:50,,829535996,82953599600039,OK,77571066800028,775710668,OK,2596399|82953599600039|AIFE_PLACE,UNIQUE,RESOLU
2598984,Marché,Fouilles archéologiques   - PALEOLITHIQUE,Marché,AIFE_PLACE,45112450-4,6950994.01,63,Forfaitaire,Appel d'offres ouvert,2,2024-10-08,2024-11-26,,82953599600039,,18009226400225,,62,Pas de groupement,,2026-06-18 03:51:50,,829535996,82953599600039,OK,18009226400225,180092264,OK,2598984|82953599600039|AIFE_PLACE,UNIQUE,RESOLU
2606349,Marché," Fouille archéologique préventive à Moislains (Somme) secteur 3, tranche opérationnelle 16 (S3-T016) site 8 – Fouille H",Marché,AIFE_PLACE,45112000-5,1799193.49,31,Mixte,Procédure avec négociation,4,2024-11-21,2024-11-29,,82953599600039,,49182568300205,,80,Pas de groupement,,2026-06-18 03:51:50,,829535996,82953599600039,OK,49182568300205,491825683,OK,2606349|82953599600039|AIFE_PLACE,UNIQUE,RESOLU
2641604,Marché,B024_MS_S2F01_ Marché subséquent sur accord-cadre 20TRI053C (lot 3)_Fouilles archéologiques préventives à Noyon (secteur 2)_ Fouille K,Marché,AIFE_PLACE,45112000-5,2135740.07,8,Forfaitaire,Marché passé sans publicité ni mise en concurrence préalable,4,2025-01-14,2025-01-14,,82953599600039,,49182568300205,,60,Pas de groupement,,2026-06-19 03:43:03,,829535996,82953599600039,OK,49182568300205,491825683,OK,2641604|82953599600039|AIFE_PLACE,UNIQUE,RESOLU
2642049,Marché,"Assurances travaux du secteur 1 et responsabilité civile 
3 lots TRC, RCMO et RCAE -LOT 1 Tous risques chantier et montage essais",Marché,AIFE_PLACE,66513200-1,2288120.35,96,Unitaire,Procédure avec négociation,6,2025-01-02,2025-01-21,,82953599600039,,77568476402155,,60,Pas de groupement,,2026-06-18 09:28:17,,829535996,82953599600039,OK,77568476402155,775684764,OK,2642049|82953599600039|AIFE_PLACE,UNIQUE,RESOLU
2642059,Marché,"Assurances travaux du secteur 1 et responsabilité civile 
3 lots TRC, RCMO et RCAE - LOT 2 Responsabilité civile Maître d'Ouvrage",Marché,AIFE_PLACE,66516000-0,447412.3,96,Unitaire,Procédure avec négociation,6,2024-12-31,2025-01-21,,82953599600039,,51302326700034,,60,Pas de groupement,,2026-06-18 09:28:17,,829535996,82953599600039,OK,51302326700034,513023267,OK,2642059|82953599600039|AIFE_PLACE,UNIQUE,RESOLU
2642069,Marché,"Assurances travaux du secteur 1 et responsabilité civile 
3 lots TRC, RCMO et RCAE - LOT 3 Responsabilité civile atteinte à l'environnement ",Marché,AIFE_PLACE,66516000-0,321550.0,96,Unitaire,Procédure avec négociation,6,2024-12-31,2025-01-21,,82953599600039,,51302326700034,,60,Pas de groupement,,2026-06-18 09:28:17,,829535996,82953599600039,OK,51302326700034,513023267,OK,2642069|82953599600039|AIFE_PLACE,UNIQUE,RESOLU
2642834,Marché,Marché de prestations intellectuelles portant sur une mission d’Assistance à Maitrise d'Ouvrage Achats dans le cadre de la passation et l’exécution des contrats pour la Société du Canal Seine-Nord Europe.,Marché,AIFE_PLACE,71318000-0,2000000.0,49,Unitaire,Appel d'offres ouvert,7,2025-01-15,2025-01-15,,82953599600039,,79456904600053,,60,Pas de groupement,,2026-06-19 03:43:03,,829535996,82953599600039,OK,79456904600053,794569046,OK,2642834|82953599600039|AIFE_PLACE,UNIQUE,RESOLU
2655388,Marché,"Le marché subséquent objet de la présente consultation a pour objet une fouille archéologique préventive à Bourlon et Marquion (Pas-de-Calais) secteur 4, prescrite par l’arrêté de prescription de fouilles CSNE-2024-52-T029-A7 en date du 16/05/2024.",Marché,AIFE_PLACE,45112000-5,9466564.66,18,Mixte,Procédure avec négociation,3,2025-01-31,2025-02-03,,82953599600039,,18009226400225,,60,Pas de groupement,,2026-06-18 09:28:17,,829535996,82953599600039,OK,18009226400225,180092264,OK,2655388|82953599600039|AIFE_PLACE,UNIQUE,RESOLU
2662683,Marché,Déboisement - Secteur 2 - Canal Seine-Nord Europe - M211-2.1-Sud,Marché,AIFE_PLACE,77211400-6,708450.38,22,Unitaire,Appel d'offres ouvert,3,2025-02-10,2025-08-07,,82953599600039,,38820142800058,,60,Pas de groupement,,2026-06-19 03:55:56,,829535996,82953599600039,OK,38820142800058,388201428,OK,2662683|82953599600039|AIFE_PLACE,UNIQUE,RESOLU
2662688,Marché,Déboisement - Secteur 2 - Canal Seine-Nord Europe - M212-2.2-Nord,Marché,AIFE_PLACE,77211400-6,446701.65,9,Unitaire,Appel d'offres ouvert,3,2025-02-10,2025-11-12,,82953599600039,,38820142800058,,60,Pas de groupement,,2026-06-18 09:53:58,,829535996,82953599600039,OK,38820142800058,388201428,OK,2662688|82953599600039|AIFE_PLACE,UNIQUE,RESOLU
2698584,Marché,Marché subséquent sur le Lot 3 - Protohistoire de l'AC 20TRI053C portant sur des fouilles archéologiques préventives sur le territoire de la commune d'ÉQUANCOURT / ETRICOURT-MANANCOURT (Somme) pour le S3 - Tranche opérationnelle 19 - Fouilles L- S3F04,Marché,AIFE_PLACE,45112420-5,3737675.61,48,Forfaitaire,Procédure avec négociation,4,2025-04-10,2025-04-11,,82953599600039,,49182568300205,,80,Pas de groupement,,2026-06-20 03:42:54,,829535996,82953599600039,OK,49182568300205,491825683,OK,2698584|82953599600039|AIFE_PLACE,UNIQUE,RESOLU
2698904,Marché,"L'objet du marché est la fouille archéologique préventive à Licourt (Somme), secteur 2, tranche opérationnelle 32, fouille V - B166",Marché,AIFE_PLACE,45112000-5,1413699.0,13,Mixte,Procédure avec négociation,2,2025-03-28,2025-04-11,,82953599600039,,49002086400024,,60,Pas de groupement,,2026-06-20 03:42:54,,829535996,82953599600039,OK,49002086400024,490020864,OK,2698904|82953599600039|AIFE_PLACE,UNIQUE,RESOLU
2706994,Marché,"Marchés de maîtrise d’oeuvre dans le cadre du projet de construction du Canal Seine-Nord-Europe (CSNE)  ""TOARC – Secteurs 2, 3 et 4 "" - Marché 18TRI001B – Maîtrise d’oeuvre du secteur 2 Passel – Allaines du projet de construction du Canal Seine-Nord Europ",Marché,AIFE_PLACE,71310000-4,311792.25,17,Forfaitaire,Marché passé sans publicité ni mise en concurrence préalable,1,2024-12-06,2025-04-28,,82953599600039,,49333442900591,,60,Pas de groupement,,2026-06-20 03:42:54,,829535996,82953599600039,OK,49333442900591,493334429,OK,2706994|82953599600039|AIFE_PLACE,UNIQUE,RESOLU
2707054,Marché,"Marchés de maîtrise d’oeuvre dans le cadre du projet de construction du Canal Seine-Nord-Europe (CSNE)  ""TOARC – Secteurs 2, 3 et 4 "" - Marché 18TRI001B – Maîtrise d’oeuvre du secteur 2 Passel – Allaines du projet de construction du Canal Seine-Nord Europ",Marché,AIFE_PLACE,71310000-4,170062.0,19,Forfaitaire,Marché passé sans publicité ni mise en concurrence préalable,1,2024-12-19,2025-04-28,,82953599600039,,49333442900591,,60,Pas de groupement,,2026-06-20 03:42:54,,829535996,82953599600039,OK,49333442900591,493334429,OK,2707054|82953599600039|AIFE_PLACE,UNIQUE,RESOLU
2707074,Marché,"Marchés de maîtrise d’œuvre dans le cadre du projet de construction du Canal Seine-Nord-Europe (CSNE)  ""TOARC – Secteurs 2, 3 et 4 "" - Marché 18TRI001C – Maîtrise d’œuvre du secteur 3 Allaines – Etricourt-Manancourt du projet de construction du Canal
Marché subséquent n°12 - Etudes en laboratoire du comportement des craies traitées à la chaux.",Marché,AIFE_PLACE,71000000-8,36000.0,10,Forfaitaire,Marché passé sans publicité ni mise en concurrence préalable,1,2024-11-29,2025-04-28,,82953599600039,,40150379200533,,60,Pas de groupement,,2026-06-20 03:42:54,,829535996,82953599600039,OK,40150379200533,401503792,OK,2707074|82953599600039|AIFE_PLACE,UNIQUE,RESOLU
2731588,Marché, Lot 3 - Fouilles archéologiques à Sermaize (Somme) S2F03,Marché,AIFE_PLACE,45112000-5,1985750.2,45,Mixte,Procédure adaptée,3,2025-05-28,2025-06-10,,82953599600039,,18009226400225,,60,Pas de groupement,,2026-06-18 09:41:08,,829535996,82953599600039,OK,18009226400225,180092264,OK,2731588|82953599600039|AIFE_PLACE,UNIQUE,RESOLU
2756703,Marché,"Fouille archéologique préventive S4F12 et S4F13 à Oisy-le-Verger (Pas-de-Calais)
Fouille S4 F12 : tranche opérationnelle (T043) - secteur 4 - site 20 lieu-dit : La Couture de l’Abbaye - Fouille U
Fouille S4 F13 : Tranche opérationnelle (TO35) - secteur 4 - site 9 Oisy le Verger - Fouille T - Fouille S4 F13 site 9 Oisy le Verger - Fouille T (marché B130)",Marché,AIFE_PLACE,45112000-5,274459.5,39,Forfaitaire,Procédure avec négociation,4,2025-03-27,2025-12-10,,82953599600039,,49002086400024,,60,Pas de groupement,,2026-06-18 09:53:58,,829535996,82953599600039,OK,49002086400024,490020864,OK,2756703|82953599600039|AIFE_PLACE,UNIQUE,RESOLU
2760638,Marché,"Le présent marché subséquent a pour objet une fouille archéologique préventive à Catigny (Oise), secteur 2, tranche opérationnelle « R1D1-rescindement de Catigny-Oise », prescrite par l’arrêté de prescription de fouilles CSNE-2024-88-A1 en date du 10/12/2024.
Cette fouille archéologique a pour but de procéder à la sauvegarde par l’étude, d’une occupation du Paléolithique moyen, probablement corrélée au stade isotopique 4.",Marché,AIFE_PLACE,45112000-5,1354679.54,44,Mixte,Procédure avec négociation,2,2025-07-16,2025-12-10,,82953599600039,,49193405500030,,60,Pas de groupement,,2026-06-18 09:53:58,,829535996,82953599600039,OK,49193405500030,491934055,OK,2760638|82953599600039|AIFE_PLACE,UNIQUE,RESOLU
2780544,Marché,Canal Seine-Nord Europe - S1 - TOARC - lot 5 : Déconstruction des ponts - Canal Seine-Nord Europe - S1 - TOARC - lot 5 : Déconstruction des ponts,Marché,AIFE_PLACE,45111100-9,3112200.0,44,Unitaire,Appel d'offres ouvert,5,2025-01-10,2025-10-07,,82953599600039,,30805498000021,,60,Pas de groupement,,2026-06-19 03:55:56,,829535996,82953599600039,OK,30805498000021,308054980,OK,2780544|82953599600039|AIFE_PLACE,UNIQUE,RESOLU
2805792,Marché,La présente consultation porte sur un marché de prestations de services d’aménagements de génie écologique et de petits terrassements à réaliser dans le cadre de la mise en œuvre des mesures compensatoires hors emprises du projet de construction du Canal Seine Nord Europe. - Marché de prestations d'aménagement des mesures compensatoires et de petits terrassements sur les sites hors DUP du CSNE - Lot A,Marché,AIFE_PLACE,90722000-4,579624.65,27,Mixte,Procédure avec négociation,3,2025-09-30,2026-01-20,,82953599600039,,39235757000028,,80,Pas de groupement,,2026-06-18 10:06:54,,829535996,82953599600039,OK,39235757000028,392357570,OK,2805792|82953599600039|AIFE_PLACE,UNIQUE,RESOLU
2805797,Marché,La présente consultation porte sur un marché de prestations de services d’aménagements de génie écologique et de petits terrassements à réaliser dans le cadre de la mise en œuvre des mesures compensatoires hors emprises du projet de construction du Canal Seine Nord Europe. - Marché de prestations d'aménagement des mesures compensatoires et de petits terrassements sur les istes hors DUP du CSNE - Lot C,Marché,AIFE_PLACE,90722000-4,1415383.47,32,Mixte,Procédure avec négociation,3,2025-09-30,2026-01-20,,82953599600039,,72206936600408,,80,Pas de groupement,,2026-06-18 10:06:54,,829535996,82953599600039,OK,72206936600408,722069366,OK,2805797|82953599600039|AIFE_PLACE,UNIQUE,RESOLU
2807527,Marché,MS au lot 3 - Fouilles archéologiques à Bourlon et Marquion - B100-S4F09 - Fouille S,Marché,AIFE_PLACE,45112000-5,1853579.0,31,Mixte,Procédure avec négociation,3,2025-09-30,2025-12-10,,82953599600039,,18009226400225,,60,Pas de groupement,,2026-06-18 09:53:58,,829535996,82953599600039,OK,18009226400225,180092264,OK,2807527|82953599600039|AIFE_PLACE,UNIQUE,RESOLU
2807607,Marché,"Le marché subséquent de la présente consultation a pour objet une fouille archéologique préventive à Bourlon (Pas-de-Calais) secteur 4.
Les principaux objectifs de la fouille sont la reconnaissance, la caractérisation et le phasage des différentes occupations présentes sur le site, ainsi que l'intégration des données issues de la fouille dans le contexte micro-régional, afin de reconstituer les schémas d'occupation et d'organisation d'un territoire.



",Marché,AIFE_PLACE,45112000-5,318947.0,28,Mixte,Procédure avec négociation,4,2025-09-30,2025-12-10,,82953599600039,,18009226400225,,60,Pas de groupement,,2026-06-18 09:53:58,,829535996,82953599600039,OK,18009226400225,180092264,OK,2807607|82953599600039|AIFE_PLACE,UNIQUE,RESOLU
2813047,Marché,Marché subséquent sur le lot 3 - Protohistoire de l'AC 20TRI053C portant sur des fouilles archéologiques préventives sur le territoire de la commune d'ETRICOURT-MANANCOURT (SOMME) pour le S3 - Tranche Opérationnelle 18 - site 13 - Fouille O - S3F06.,Marché,AIFE_PLACE,45112000-5,4327670.13,39,Mixte,Procédure avec négociation,2,2025-10-10,2026-01-20,,82953599600039,,49182568300205,,60,Pas de groupement,,2026-06-18 10:06:54,,829535996,82953599600039,OK,49182568300205,491825683,OK,2813047|82953599600039|AIFE_PLACE,UNIQUE,RESOLU
2844722,Marché,"La présente consultation porte sur la réalisation de travaux d’aménagement, de réhabilitation et de construction de quais fluviaux de travaux sur le canal du Nord pour favoriser le transport fluvial dans le cadre des travaux préparatoires du projet de construction du canal Seine-Nord Europe - Secteur 2. 
Les travaux à réaliser sont divisés en deux lots valant marché, portant sur :
•	Lot Q1- M213 - La réhabilitation de quais existants, regroupant les quais de Pont l’Évêque, de Languevoisin, de Rouy-le-Petit et de Péronne,
•	Lot Q2 – M214- La construction du quai neuf de Catigny.
La description précise des travaux et des prestations associées attendus figure au Cahier des Clauses Techniques Particulières (CCTP). - M214 - Lot Q2",Marché,AIFE_PLACE,45241100-9,4228416.0,14,Mixte,Appel d'offres ouvert,4,2025-11-20,2025-12-01,,82953599600039,,32065170600071,,60,Pas de groupement,,2026-06-18 09:53:58,,829535996,82953599600039,OK,32065170600071,320651706,OK,2844722|82953599600039|AIFE_PLACE,UNIQUE,RESOLU
2852282,Marché,"L’objet du marché est la fouille archéologique préventive à Beaurains-Les-Noyon (Oise), Tranche opérationnelle 40 - Secteur 2, Site 3, fouille X.",Marché,AIFE_PLACE,45112000-5,1780954.77,47,Mixte,Procédure adaptée,4,2025-11-26,2025-12-10,,82953599600039,,49182568300205,,60,Pas de groupement,,2026-06-18 09:53:58,,829535996,82953599600039,OK,49182568300205,491825683,OK,2852282|82953599600039|AIFE_PLACE,UNIQUE,RESOLU
2858002,Marché,"La consultation a pour objet la réalisation de la déviation provisoire de la voie communale Allaines-Bouchavesnes associée à la réalisation du futur Canal Seine-Nord Europe.
Le marché s'inscrit dans le cadre des travaux préparatoires aux travaux principaux de construction de l'écluse d'Allaines.",Marché,AIFE_PLACE,45112500-0,319936.0,6,Mixte,Appel d'offres ouvert,6,2025-12-03,2025-12-03,,82953599600039,,40416412100075,,80,Pas de groupement,,2026-06-18 09:53:58,,829535996,82953599600039,OK,40416412100075,404164121,OK,2858002|82953599600039|AIFE_PLACE,UNIQUE,RESOLU
2931198,Marché," Cette fouille archéologique préventive a pour but de procéder à la sauvegarde par l'étude de l'établissement rural prenant place entre le 1er âge du Fer et le Haut Empire, la fouille de la nécropole datée de La Tène D1-D2 ainsi que l'étude du terroir associé.",Marché,AIFE_PLACE,45112000-5,2588673.84,44,Mixte,Procédure avec négociation,4,2026-03-03,2026-03-10,,82953599600039,,18009226400225,,60,Pas de groupement,,2026-06-19 04:08:58,,829535996,82953599600039,OK,18009226400225,180092264,OK,2931198|82953599600039|AIFE_PLACE,UNIQUE,RESOLU
2950343,Marché,Réalisation de travaux d'aménagements de génie écologique pour le secteur 2 du Canal Seine-Nord Europe - 2.1 - Sud,Marché,AIFE_PLACE,45100000-8,12134059.78,92,Unitaire,Appel d'offres ouvert,5,2026-04-13,2026-04-13,,82953599600039,,37899836300048,,60,Pas de groupement,,2026-06-18 10:19:22,,829535996,82953599600039,OK,37899836300048,378998363,OK,2950343|82953599600039|AIFE_PLACE,UNIQUE,RESOLU
2950348,Marché,Réalisation de travaux d'aménagements de génie écologique pour le secteur 2 du Canal Seine-Nord Europe - 2.2 - Nord,Marché,AIFE_PLACE,45100000-8,8641524.06,92,Unitaire,Appel d'offres ouvert,5,2026-04-13,2026-04-13,,82953599600039,,37899836300048,,60,Pas de groupement,,2026-06-18 10:19:22,,829535996,82953599600039,OK,37899836300048,378998363,OK,2950348|82953599600039|AIFE_PLACE,UNIQUE,RESOLU
