numero_marche,objet,nature,date_notification,supports
1411I011,,marché (page SCSNE),,page-SCSNE
1411I016,,marché (page SCSNE),,page-SCSNE
1411I026,,marché (page SCSNE),,page-SCSNE
1411PA005,,marché (page SCSNE),,page-SCSNE
1484C70,,marché (page SCSNE),,page-SCSNE
1504C58,,marché (page SCSNE),,page-SCSNE
1511I031,,marché (page SCSNE),,page-SCSNE
1511I037,,marché (page SCSNE),,page-SCSNE
1511I048,,marché (page SCSNE),,page-SCSNE
1511PA009,,marché (page SCSNE),,page-SCSNE
1514C78,,marché (page SCSNE),,page-SCSNE
1533C59,,marché (page SCSNE),,page-SCSNE
1572C59,,marché (page SCSNE),,page-SCSNE
1572C63,,marché (page SCSNE),,page-SCSNE
1611F042,,marché (page SCSNE),,page-SCSNE
1611I011,,marché (page SCSNE),,page-SCSNE
1611I015,,marché (page SCSNE),,page-SCSNE
1611I024,,marché (page SCSNE),,page-SCSNE
1611I039,,marché (page SCSNE),,page-SCSNE
166L47,,marché (page SCSNE),,page-SCSNE
1711PA0005,,marché (page SCSNE),,page-SCSNE
1729L43,,marché (page SCSNE),,page-SCSNE
17TRF007,,marché (page SCSNE),,page-SCSNE
17TRI003,,marché (page SCSNE),,page-SCSNE
17TRI004,,marché (page SCSNE),,page-SCSNE
17TRI005,,marché (page SCSNE),,page-SCSNE
18TRI001,,marché (page SCSNE),,page-SCSNE
18TRI002,,marché (page SCSNE),,page-SCSNE
18TRI006,,marché (page SCSNE),,page-SCSNE
18TRI007,,marché (page SCSNE),,page-SCSNE
18TRI014,,marché (page SCSNE),,page-SCSNE
19TRI004,,marché (page SCSNE),,page-SCSNE
19TRI012,,marché (page SCSNE),,page-SCSNE
19TRI033,,marché (page SCSNE),,page-SCSNE
19TRI042,,marché (page SCSNE),,page-SCSNE
19TRI043,,marché (page SCSNE),,page-SCSNE
20TRF002,,marché (page SCSNE),,page-SCSNE
20TRI053,,marché (page SCSNE),,page-SCSNE
20TRI086,,marché (page SCSNE),,page-SCSNE
21TRF015,,marché (page SCSNE),,page-SCSNE
21TRI007,,marché (page SCSNE),,page-SCSNE
21TRI025,,marché (page SCSNE),,page-SCSNE
21TRI026,,marché (page SCSNE),,page-SCSNE
21TRI070,,marché (page SCSNE),,page-SCSNE
21TRI074,,marché (page SCSNE),,page-SCSNE
2207V16,,marché (page SCSNE),,page-SCSNE
2256V18,,marché (page SCSNE),,page-SCSNE
22TRF004,,marché (page SCSNE),,page-SCSNE
22TRF042,,marché (page SCSNE),,page-SCSNE
2305C58,,marché (page SCSNE),,page-SCSNE
2461L52,,marché (page SCSNE),,page-SCSNE
2461V22,,marché (page SCSNE),,page-SCSNE
24V21,,marché (page SCSNE),,page-SCSNE
2588V12,,marché (page SCSNE),,page-SCSNE
2588ZM82,,marché (page SCSNE),,page-SCSNE
2637C83,,marché (page SCSNE),,page-SCSNE
2666C71,,marché (page SCSNE),,page-SCSNE
B086,,carte widget SCSNE,,widget-SCSNE
B131,,carte widget SCSNE,,widget-SCSNE
D099,,carte widget SCSNE,,widget-SCSNE
D243,,carte widget SCSNE,,widget-SCSNE
M221,,carte widget SCSNE,,widget-SCSNE
M222,,carte widget SCSNE,,widget-SCSNE
M321,,carte widget SCSNE,,widget-SCSNE
M404,,carte widget SCSNE,,widget-SCSNE
M405,,carte widget SCSNE,,widget-SCSNE
M522,,carte widget SCSNE,,widget-SCSNE
M524,,carte widget SCSNE,,widget-SCSNE
MC04,,carte widget SCSNE,,widget-SCSNE
