path,size_bytes,sha256
00_CONTROL_PLANE/CONTROL_PLANE_AUDIT_2026-09-06.md,5372,24f059afe25f95f07c6fe6365b0031d1eac0eb89aa57c3f6026d4f1e5986158a
00_CONTROL_PLANE/CORE_INGERENCE_ROUTING_2026-09-06.md,2991,66224d6613fc5f856ff8864f6b810da19972f829aa2d9738bfbb2470fd5d7b9c
00_CONTROL_PLANE/DASHBOARD.md,1182,64db5de31a11cf88c2a8befcfbb3202a99adc630baa4c9e2cfee31f276875358
00_CONTROL_PLANE/INGERENCE_GAP_AUDIT_2026-09-06.md,5843,03adb3e900583a89d4e4c6442194fa9609fda222940ad10aa46972e38d24f6e9
00_CONTROL_PLANE/INVESTIGATION_REGISTRY.csv,103189,c98100a2c1383379d5a03774d39668b5b4b90676ae3c512e5bdcf5048eacaeef
00_CONTROL_PLANE/METHOD_PACK.md,6468,2b82f9e415b739e16252f845910c7d4b91600446e2e1d5010d3c4e14fa06635c
00_CONTROL_PLANE/README.md,3089,303108f388b9b0db72af43c9db00f3fcff003c4d4357a43bed169eda176c1e74
00_CONTROL_PLANE/TRACELOG.md,28689,65aa78eb106cbea538931f69a304f6f65467785e4b3856d972bb5d31caee68fe
00_CONTROL_PLANE/control.py,10882,ff96320182feb99174c197a794e34153e319ce0e5ceed59d1fff585ed4e66ad4
01_RUNTIME_AND_CORPUS/INVESTIGATION_CONTROL_v0.7_METHOD_PACK.zip,1833111,7e2dcdadfef8129b86d6c98522ebb8c7f5793ee971b0ee29ce2b8306de3314fe
01_RUNTIME_AND_CORPUS/SUBSTACK_BASELINE_2026-08-26_v0.4.zip,1682652,6774944e80f3c150e6d3506c4356e5ecb51243eb0ce8d4b99b207c3b69752052
01_RUNTIME_AND_CORPUS/TRUTH_ENGINE_2.10.6_R3P1_CANONICAL.zip,218204,d113e3bd1848805bc3dbf1485eb1107a5767ebe74efd0cf27b601e01db278d30
02_INVESTIGATIONS/INV-010/INV-010_INVESTIGATION_AVAILABLE_R2.md,83084,5455cd0616e4b35c5464b954c21105efad435516ad9454b0cb0468157ee2250b
02_INVESTIGATIONS/INV-010/INV-010_PILOT_REVIEW.md,5033,d0fc11c8019e37219cac649157b658345fb0fbe46e15539c61cb530e249933c7
02_INVESTIGATIONS/INV-010/INV-010_R4_CERTIFICATION.json,633,c314e427c3c8d8a44bf4d7ff8222c96db244d14449fdb107832a7760cd0cf111
02_INVESTIGATIONS/INV-010/INV-010_RENARD.md,10805,d37779d5de34c9f1cda22355e6df5cc976d38e29532c93d0217749162b751f7f
02_INVESTIGATIONS/INV-010/INV-010_RUN_HANDOFF.md,2842,98ab3ccd5806547ffa3e0783c9486047d6fa02de01123162c3bb573da49c7bef
02_INVESTIGATIONS/INV-019/INV-019_INVESTIGATION.md,42635,bf255493afd50152c0123d42c8521c0e85febe44f89deeb8a6450543184072b6
02_INVESTIGATIONS/INV-019/INV-019_PILOT_REVIEW.md,3030,6d0607ea4d071fc8f48e0e6db9a87182a8c715547b07547c3bc2109f370d7c48
02_INVESTIGATIONS/INV-019/INV-019_RUN_HANDOFF.md,2438,c72fff3b19b5ab1b2bd36b064544c1a3635f42e3d30b99c8c225e616f1d76c9b
02_INVESTIGATIONS/INV-022/INV-022_RUN_HANDOFF.md,5292,23728306a8c672f7ed4b31f7e8c668676a16dcb6a295716df25697855d03ebe0
02_INVESTIGATIONS/INV-022/RAW_BUNDLE/INV-022_R3_FULL_FORENSIC_BUNDLE/CANONICAL_RUN/2026-09-06_10-57_russie-operations-influence-france_CERTIFICATION.json,647,1849eb3855b4b4ee51ce00d865617942beb0cd8088154f7bf95d177589668df9
02_INVESTIGATIONS/INV-022/RAW_BUNDLE/INV-022_R3_FULL_FORENSIC_BUNDLE/CANONICAL_RUN/2026-09-06_10-57_russie-operations-influence-france_INPUT.txt,1383,b4582f7330c39e3a47f6aa7512bfb623ddea7e7e3dd046421e246631a29e05f4
02_INVESTIGATIONS/INV-022/RAW_BUNDLE/INV-022_R3_FULL_FORENSIC_BUNDLE/CANONICAL_RUN/2026-09-06_10-57_russie-operations-influence-france_INVESTIGATION.md,100983,a5d3c37a2dec09a07a0d2ec2ab00be4fd794b814729a1c749032cdab07ff806e
02_INVESTIGATIONS/INV-022/RAW_BUNDLE/INV-022_R3_FULL_FORENSIC_BUNDLE/CANONICAL_RUN/2026-09-06_10-57_russie-operations-influence-france_MNEMO_SNAPSHOT.json,15494,ccadef83af9d6f2dba278bf6f302984705f9a9f3eb9c1855e7299a8f7de8223e
02_INVESTIGATIONS/INV-022/RAW_BUNDLE/INV-022_R3_FULL_FORENSIC_BUNDLE/CANONICAL_RUN/2026-09-06_10-57_russie-operations-influence-france_NARRATIVE.tmp.md,5913,79295880570f35fce78ab687b34d0604c56cb8ace01d17cd9a8fcc666cf52766
02_INVESTIGATIONS/INV-022/RAW_BUNDLE/INV-022_R3_FULL_FORENSIC_BUNDLE/CANONICAL_RUN/2026-09-06_10-57_russie-operations-influence-france_RUN_STATE.json,95524,b639fb372d9599c675dbb4e2821fa3c6e66573be303f66297935db385e17662e
02_INVESTIGATIONS/INV-022/RAW_BUNDLE/INV-022_R3_FULL_FORENSIC_BUNDLE/E2E/INV-022_R3_E2E_TEST_REPORT.md,5006,74a7359e0fb339d1c6fbf3e08f111b7b75d0e81090832a40cf4bea60448c3aa4
02_INVESTIGATIONS/INV-022/RAW_BUNDLE/INV-022_R3_FULL_FORENSIC_BUNDLE/ENGINE_CONTRACT_SNAPSHOT/KERNEL.md,69458,0d78b5d2db873d6bb9984867c3a4b1095b46400db2145487a763680b43e88974
02_INVESTIGATIONS/INV-022/RAW_BUNDLE/INV-022_R3_FULL_FORENSIC_BUNDLE/ENGINE_CONTRACT_SNAPSHOT/forensic/GATES.md,12808,f97b090c26f79b93eeecb291e37f8887d935df5ffaa36d8d6da502fa75f6da6d
02_INVESTIGATIONS/INV-022/RAW_BUNDLE/INV-022_R3_FULL_FORENSIC_BUNDLE/ENGINE_CONTRACT_SNAPSHOT/output/TEMPLATE.md,5857,eb504ed558d7638b8f599fc6990c6d74783ca81ae1d8016a15d70b8273c31f05
02_INVESTIGATIONS/INV-022/RAW_BUNDLE/INV-022_R3_FULL_FORENSIC_BUNDLE/ENGINE_CONTRACT_SNAPSHOT/protocol/INVESTIGATION.md,19705,2418fb593a78048830f2900e04828ce3d7e26aef996bcdddd2199f61a026c208
02_INVESTIGATIONS/INV-022/RAW_BUNDLE/INV-022_R3_FULL_FORENSIC_BUNDLE/ENGINE_CONTRACT_SNAPSHOT/search/EPISTEMIC.md,6991,482558f2ea834418625647b92659ef1773ffc71bc09bdce2f5f3bab91791ae00
02_INVESTIGATIONS/INV-022/RAW_BUNDLE/INV-022_R3_FULL_FORENSIC_BUNDLE/ENGINE_CONTRACT_SNAPSHOT/tools/runtime/run_state.py,107428,81effd7bfef4ddcdacba1f9a4139cd856fae0eb7853518846f2381a49869d77e
02_INVESTIGATIONS/INV-022/RAW_BUNDLE/INV-022_R3_FULL_FORENSIC_BUNDLE/ENGINE_CONTRACT_SNAPSHOT/tools/verify/verify.py,88244,19cf032f21945d6bd2c8e3889086293b640fee98b1e97e855baf5ec39f18fa59
02_INVESTIGATIONS/INV-022/RAW_BUNDLE/INV-022_R3_FULL_FORENSIC_BUNDLE/README_BUNDLE.md,1762,8a08fd480f4d245eaa5c7d10044e863ea492de6cc2c43a2547f443b31ca231a1
02_INVESTIGATIONS/INV-022/RAW_BUNDLE/INV-022_R3_FULL_FORENSIC_BUNDLE/SHA256SUMS.txt,2659,02faf8eb8d88078c54b0253a2b2053cd813056a24d08ef83af8a55ad409925bf
02_INVESTIGATIONS/INV-022/RAW_BUNDLE/INV-022_R3_FULL_FORENSIC_BUNDLE/VERIFICATION/.verify_pending_delivery.json,541,4ebe303c11d45e4930e4874f0c06129e13428a4fa57cc9a70354bc0c7d33043b
02_INVESTIGATIONS/INV-022/RAW_BUNDLE/INV-022_R3_FULL_FORENSIC_BUNDLE/VERIFICATION/.verify_result_delivery.json,646,d1bfee1e92f8b89f576e736594dd207621ae9e2a890252593dd246dab4ff67e8
02_INVESTIGATIONS/INV-022/RAW_BUNDLE/INV-022_R3_FULL_FORENSIC_BUNDLE/VERIFICATION/INV-022_VERIFY_DELIVERY_RESULT.json,646,d1bfee1e92f8b89f576e736594dd207621ae9e2a890252593dd246dab4ff67e8
02_INVESTIGATIONS/INV-022/RAW_BUNDLE/INV-022_R3_FULL_FORENSIC_BUNDLE/WORKING_TRACE/INV022_TECHNICAL_BODY_CANDIDATE.md,5913,79295880570f35fce78ab687b34d0604c56cb8ace01d17cd9a8fcc666cf52766
02_INVESTIGATIONS/INV-022/RAW_BUNDLE/INV-022_R3_FULL_FORENSIC_BUNDLE/WORKING_TRACE/continue_r3_phase12_13.py,9451,f23099fb7e4ba727475a31180470619bb7303f1cf2c865f16f00ba5c8f914540
02_INVESTIGATIONS/INV-022/RAW_BUNDLE/INV-022_R3_FULL_FORENSIC_BUNDLE/WORKING_TRACE/continue_r3_phase16_17.py,18357,f74760f3f3f9554b404aa7f11fe325bec89c23c35a65a17a5a19e0e352f929bc
02_INVESTIGATIONS/INV-022/RAW_BUNDLE/INV-022_R3_FULL_FORENSIC_BUNDLE/WORKING_TRACE/persistence_payload.py,805,f259fbe18264fcf8fd528feee4d79f336e57af5b583e0fc6dbee4dbef68f8425
02_INVESTIGATIONS/INV-023/INV-023_RUN_HANDOFF.md,5660,defda8829828ff9b8bd85fd99887da2f75b5d01c79cbb90f2dedb7d55ec810b1
02_INVESTIGATIONS/INV-023/RAW_BUNDLE/2026-09-06_12-58_russie-financement-partis-europe_CERTIFICATION.json,609,0c9610b02a2b37b0fba565084f4da89e09d62ae49173a4c2a92f98d419f2c25a
02_INVESTIGATIONS/INV-023/RAW_BUNDLE/2026-09-06_12-58_russie-financement-partis-europe_INPUT.txt,881,7a5e16f441442076c1b9d3a2d002c9089e784dea7c71969158a5353d195d829b
02_INVESTIGATIONS/INV-023/RAW_BUNDLE/2026-09-06_12-58_russie-financement-partis-europe_INVESTIGATION.md,93653,d0d9a8e5fb4c1fcc6dcdb3002b2cba5854b7704d4075a5e3d148df670909863c
02_INVESTIGATIONS/INV-023/RAW_BUNDLE/2026-09-06_12-58_russie-financement-partis-europe_MNEMO_SNAPSHOT.json,11877,4f2aaa0176df698d1240f3b25e36e301c6307d30246ed0efaeabd1c84cb8af69
02_INVESTIGATIONS/INV-023/RAW_BUNDLE/2026-09-06_12-58_russie-financement-partis-europe_NARRATIVE.tmp.md,6744,2d50f55437910fe87a57d54d6b3d27e389b47486e83406ed0ec22837e489a41d
02_INVESTIGATIONS/INV-023/RAW_BUNDLE/2026-09-06_12-58_russie-financement-partis-europe_RUN_STATE.json,83087,8f530c4e5074a73da50feb0b26b98d97567f42baa814df69939a18d47c6302e7
02_INVESTIGATIONS/INV-026/RAW_BUNDLE/inv026-final/DASHBOARD.md,1182,3bbd303639d2fa6212289f3316d2917ad41eb035b4286baa40ed0f1da6c34f6b
02_INVESTIGATIONS/INV-026/RAW_BUNDLE/inv026-final/INV-026_CERTIFICATION.json,620,8bc8557b845204626f39333fce71cf6d69f3092964334bc9bb1e79b893c18067
02_INVESTIGATIONS/INV-026/RAW_BUNDLE/inv026-final/INV-026_INPUT.md,2463,616c1f7007d3d70a64d5a5bbb4153762763d085537605d5e99cef5439dced970
02_INVESTIGATIONS/INV-026/RAW_BUNDLE/inv026-final/INV-026_INVESTIGATION.md,77039,86f7d0d457469edf3edb9dffa2e5f55f253cfebefdb0037652cc4ebf5a2d963a
02_INVESTIGATIONS/INV-026/RAW_BUNDLE/inv026-final/INV-026_MNEMO_SNAPSHOT.json,16548,9e5ab5e08fe16307937bb9c393e2871bfc1edeb266ffc420c6c226c07cc98366
02_INVESTIGATIONS/INV-026/RAW_BUNDLE/inv026-final/INV-026_NARRATIVE.tmp.md,11472,0ad693f01236e6f14dbb7959c4763b3e639a6200750102e5e04d8be40fef8159
02_INVESTIGATIONS/INV-026/RAW_BUNDLE/inv026-final/INV-026_POST_RUN_REVIEW.md,2415,fab7d4996050a5eeaadddb20e3ea362bac90226b6205b6e59deb02ade4951fa0
02_INVESTIGATIONS/INV-026/RAW_BUNDLE/inv026-final/INV-026_RUN_CARD.md,2463,616c1f7007d3d70a64d5a5bbb4153762763d085537605d5e99cef5439dced970
02_INVESTIGATIONS/INV-026/RAW_BUNDLE/inv026-final/INV-026_RUN_HANDOFF.md,3144,bf70cae7b998ae0aa16949f1f12cb8258d4d4de9527316832b9cb398531ae4cb
02_INVESTIGATIONS/INV-026/RAW_BUNDLE/inv026-final/INV-026_RUN_STATE.json,66417,b88924457119b727d79f3188e78db0c62636ec515e79b538c5d442207fbdf438
02_INVESTIGATIONS/INV-026/RAW_BUNDLE/inv026-final/INV-026_SHA256.txt,809,b1c4675eade937d9dcebfd37bf02fd02f3efa424143f41555aa6b0952305b076
02_INVESTIGATIONS/INV-026/RAW_BUNDLE/inv026-final/INVESTIGATION_REGISTRY.csv,97582,4e7a2a6f377a9f141f75c2a7a560f67d213925d590dbe18e79bc4db47dcd7ff0
02_INVESTIGATIONS/INV-026/RAW_BUNDLE/inv026-final/TRACELOG.md,18560,b198c415887e7b65365dfba165c26fb2bf20a8ac17976851921ed5e1d55a1009
02_INVESTIGATIONS/INV-033/RAW_BUNDLE/DASHBOARD.md,1182,64db5de31a11cf88c2a8befcfbb3202a99adc630baa4c9e2cfee31f276875358
02_INVESTIGATIONS/INV-033/RAW_BUNDLE/DELIVERY_VERIFY.txt,593,190eafb6b0ff665a21a7ad486eeffb0e21e4971664f4180b8e83bd3b9a7dbd40
02_INVESTIGATIONS/INV-033/RAW_BUNDLE/DELIVERY_VERIFY_RESULT.json,592,a7718fb0c9d19ca5c5049a07251b3406023f8c215e7376e58c6cb1d11994e258
02_INVESTIGATIONS/INV-033/RAW_BUNDLE/DEPENDENCY_GATE_INV-146_2026-09-07_0752.md,1203,24ad44dd0550af2a15758d931cf0dcca6cb28d4098f79d941f8a7b63bc3abca4
02_INVESTIGATIONS/INV-033/RAW_BUNDLE/INV-033_CERTIFICATION.json,593,190eafb6b0ff665a21a7ad486eeffb0e21e4971664f4180b8e83bd3b9a7dbd40
02_INVESTIGATIONS/INV-033/RAW_BUNDLE/INV-033_INPUT.md,2315,c01967887a2e9736751781f80a0b40ca7f612669e5453fb0f68c4277d7a9171b
02_INVESTIGATIONS/INV-033/RAW_BUNDLE/INV-033_INVESTIGATION.md,69673,6882743d76521abaf201035c2d0148116b76c0f3f28fc5bfb95595ea42e67a8e
02_INVESTIGATIONS/INV-033/RAW_BUNDLE/INV-033_MNEMO_SNAPSHOT.json,13556,868ffbbc3dd8742b3c88e8d8324334816b8f4fb9690e929b5863813b3503e99c
02_INVESTIGATIONS/INV-033/RAW_BUNDLE/INV-033_NARRATIVE.tmp.md,10986,b2dd7dc9c5412f3b1dfb2c1477aa8d5133706a2d9c8686b9e6bd2667324bed0c
02_INVESTIGATIONS/INV-033/RAW_BUNDLE/INV-033_POST_RUN_REVIEW.md,2220,fa7fe93df82ac2afa4ebc1c2fd4dfcb432bf790d9d2d3db2092bea65863edd70
02_INVESTIGATIONS/INV-033/RAW_BUNDLE/INV-033_RUN_CARD.md,2315,c01967887a2e9736751781f80a0b40ca7f612669e5453fb0f68c4277d7a9171b
02_INVESTIGATIONS/INV-033/RAW_BUNDLE/INV-033_RUN_HANDOFF.md,2430,a33fa3cb614d41e2c2ac4319f2081bfaa210f7f556997cc853ac81a5b5549ebb
02_INVESTIGATIONS/INV-033/RAW_BUNDLE/INV-033_RUN_STATE.json,59192,ede322327835e5c8e4d19fbd11885bf9007623c93dafad18a8eadf7430537adc
02_INVESTIGATIONS/INV-033/RAW_BUNDLE/INV-033_SHA256.txt,809,e1e0ca4c08d99fda664d5237bdfb1997cd373fa7ea3fb18e6298066dbc46ca34
02_INVESTIGATIONS/INV-033/RAW_BUNDLE/INVESTIGATION_REGISTRY.csv,98510,2448631cfc5573761370ff23a35ab22b3293b063b1a9fcf8898abc480bead111
02_INVESTIGATIONS/INV-033/RAW_BUNDLE/PRE_VERIFY.txt,588,5ebfb6d7c685f6d22380fbdfe6e2346344500edc7554dd8445c5688fd5e93300
02_INVESTIGATIONS/INV-033/RAW_BUNDLE/TRACELOG.md,20060,19fbb1806aa38bbee1ad12857a36d1d28ce16791f9897a01877d23f4b70d8c7b
02_INVESTIGATIONS/INV-039/RAW_BUNDLE/INV-039/2026-09-06_16-39_pouvoir-institutions-ue_CERTIFICATION.json,591,ce17430d3a8f9839315969456a9ffb66f07199141c604bfbd9a6478c4cedb3f5
02_INVESTIGATIONS/INV-039/RAW_BUNDLE/INV-039/2026-09-06_16-39_pouvoir-institutions-ue_INPUT.md,2331,587a77b12e931cd4310d83d06110705744826db2186d4c8b1da0f16fa25510a6
02_INVESTIGATIONS/INV-039/RAW_BUNDLE/INV-039/2026-09-06_16-39_pouvoir-institutions-ue_INVESTIGATION.md,65855,ca5113fdeba13fe444538d3d76cc80227d811a50356a002398312d16e1838e8c
02_INVESTIGATIONS/INV-039/RAW_BUNDLE/INV-039/2026-09-06_16-39_pouvoir-institutions-ue_MNEMO_SNAPSHOT.json,10063,c8b917d1739d77c63de717e9642971674a106596660a60853fceb5090f1dd28b
02_INVESTIGATIONS/INV-039/RAW_BUNDLE/INV-039/2026-09-06_16-39_pouvoir-institutions-ue_NARRATIVE.tmp.md,13712,1293e484228b4d0c990543480750e0e2231e52e76d2b169fd74ff7254c361cb1
02_INVESTIGATIONS/INV-039/RAW_BUNDLE/INV-039/2026-09-06_16-39_pouvoir-institutions-ue_RUN_STATE.json,52925,f8ad9e0c60236005c9df4cd011004150c40ad01a1332233a7c826ab2291fae45
02_INVESTIGATIONS/INV-039/RAW_BUNDLE/INV-039/INV-039_POST_RUN_REVIEW.md,2596,af3a9bcc5dcf952c49f698c25d73317886a1930e731544915f341031f8d3225f
02_INVESTIGATIONS/INV-039/RAW_BUNDLE/INV-039/INV-039_RUN_CARD.md,2331,587a77b12e931cd4310d83d06110705744826db2186d4c8b1da0f16fa25510a6
02_INVESTIGATIONS/INV-039/RAW_BUNDLE/INV-039/INV-039_RUN_HANDOFF.md,3796,f161f85f3b3e4ac598054a114b461a01b480ef2fb646c39112e3ff7df8733748
02_INVESTIGATIONS/INV-044/RAW_BUNDLE/INV-044_CERTIFICATION.json,591,07c3a634469b838828334965b5eaaed67aade0c3f7364f6a6b12258810b4bf1b
02_INVESTIGATIONS/INV-044/RAW_BUNDLE/INV-044_DELIVERY_GATE.json,591,07c3a634469b838828334965b5eaaed67aade0c3f7364f6a6b12258810b4bf1b
02_INVESTIGATIONS/INV-044/RAW_BUNDLE/INV-044_INPUT.txt,2482,e93f3c9bdbfcf70fc104c67a3688dc676401806accac9b4ed44a1a2b09760a33
02_INVESTIGATIONS/INV-044/RAW_BUNDLE/INV-044_INVESTIGATION.md,80391,5b8a802a0d20c786ff174fa2906daf769884837c8ba88a6e0b64bb3275fc34af
02_INVESTIGATIONS/INV-044/RAW_BUNDLE/INV-044_MNEMO_SNAPSHOT.json,14879,353fdeef4d33a325aa4b27fab05f504f5f6004a09889f9406c141c1c6e0360f2
02_INVESTIGATIONS/INV-044/RAW_BUNDLE/INV-044_NARRATIVE.tmp.md,18555,7a408911092b00479bc4a9ab5ddf8dfd913b45df4867b8e2cafe6378e5aae57a
02_INVESTIGATIONS/INV-044/RAW_BUNDLE/INV-044_POST_RUN_REVIEW.md,2819,d96500b470abb66659a864112fff49b91117e3f285c79856548a566fe0ac5437
02_INVESTIGATIONS/INV-044/RAW_BUNDLE/INV-044_PRE_GATE.json,586,a85bc29c6b2197ca61a339d079a7e91064b298dcfab2c7d7f6a921e425648e8e
02_INVESTIGATIONS/INV-044/RAW_BUNDLE/INV-044_RUN_CARD.md,2482,e93f3c9bdbfcf70fc104c67a3688dc676401806accac9b4ed44a1a2b09760a33
02_INVESTIGATIONS/INV-044/RAW_BUNDLE/INV-044_RUN_HANDOFF.md,2010,e3c7258c52842e0cd0a4b425c1ea35ecd0ea452653b75c341ba205aacf4d761f
02_INVESTIGATIONS/INV-044/RAW_BUNDLE/INV-044_RUN_STATE.json,62480,3ba2778c9a505eaa032930652c2ea22e38112348ba78bab6f9b301bbc7fcd5d4
02_INVESTIGATIONS/INV-044/RAW_BUNDLE/INV-044_SHA256.txt,905,002ac8c26cfe9a181e388d64f4dabc4e19cbfd12fc801626ccbcf635735d06ae
02_INVESTIGATIONS/INV-049/INV-049_CERTIFICATION.json,647,8f549bc737a32acf68e6adce0084ed4efa679cd108283a99d70d0f4271abbad8
02_INVESTIGATIONS/INV-049/INV-049_INVESTIGATION.md,47271,f731e05757a6b8bcd0fcee1919677256790000e69f9243bb294704f4ca9d14d4
02_INVESTIGATIONS/INV-049/INV-049_PILOT_REVIEW.md,2653,0aa8ddd4ada3851b66e336585e630ff4e40b795917bc909f7093e4275277fc9c
02_INVESTIGATIONS/INV-049/INV-049_RENARD.md,7511,11e5413284bd3523fe78b1458eb16fe59c0980591ef66e0519f5911483ea08a6
02_INVESTIGATIONS/INV-049/INV-049_RUN_HANDOFF.md,2398,53b700412f23822520263f58965856384a77fa82053df12fc2d5ea6671830bfa
02_INVESTIGATIONS/INV-054/RAW_BUNDLE/INV-054_CERTIFICATION.json,593,858640adaca67e824e696957d53766e461a2c4d58c54f206aaa5b20565f15029
02_INVESTIGATIONS/INV-054/RAW_BUNDLE/INV-054_DELIVERY_GATE.log,593,858640adaca67e824e696957d53766e461a2c4d58c54f206aaa5b20565f15029
02_INVESTIGATIONS/INV-054/RAW_BUNDLE/INV-054_INPUT.txt,2528,2a84951fb76acfe49c5a8202261a275b1927f327aece61a05a97a13c2dd66ec7
02_INVESTIGATIONS/INV-054/RAW_BUNDLE/INV-054_INVESTIGATION.md,68354,9b02a7b42d2289c9ea2e2b0d47481f091a4bccc35118d0448f9620ab8b409c03
02_INVESTIGATIONS/INV-054/RAW_BUNDLE/INV-054_MNEMO_SNAPSHOT.json,12919,f49fdbb27d474e08b5fb37b8eb38e9785bd6061b2c3c24c375b1c27b8057dec8
02_INVESTIGATIONS/INV-054/RAW_BUNDLE/INV-054_NARRATIVE.tmp.md,11360,b59909d11998c9b458cdba76d3a59607c358bb0dea4084be032e38a39012ff3b
02_INVESTIGATIONS/INV-054/RAW_BUNDLE/INV-054_POST_RUN_REVIEW.md,2324,77cb1075b7250f7196f87997c67bfe496468d1e0b488c9a3961f8af96b6e32e9
02_INVESTIGATIONS/INV-054/RAW_BUNDLE/INV-054_PRE_GATE.log,588,eba55c8484a985b121ada134b418db0cc915f9a7f7ecc5a7c90a02a4ce1eb5d7
02_INVESTIGATIONS/INV-054/RAW_BUNDLE/INV-054_RUN_CARD.md,2528,2a84951fb76acfe49c5a8202261a275b1927f327aece61a05a97a13c2dd66ec7
02_INVESTIGATIONS/INV-054/RAW_BUNDLE/INV-054_RUN_HANDOFF.md,2661,64c37752d4c1dd713f6143766d652b8c6fe39981e603fcc2854d9cb71d574c1a
02_INVESTIGATIONS/INV-054/RAW_BUNDLE/INV-054_RUN_STATE.json,57714,6d95ed621bc4e8fb48e80a7957e621957ed181ec0eab796963ecd16112efd7e5
02_INVESTIGATIONS/INV-054/RAW_BUNDLE/INV-054_SHA256.txt,989,bafcc8fa5b9fd5b0d7e3e8638d3971a05a61be4cdbbfcf43bf7dad8e19b1cb7a
02_INVESTIGATIONS/INV-071/INV-071_CERTIFICATION.json,625,fbe1ad101bb2dd2b1b0b5776a2809d62946267501a0f7efd4bedc66b7a4265bb
02_INVESTIGATIONS/INV-071/INV-071_INVESTIGATION.md,50434,cc0063eb57f6b95f1589cb9d50f81a603bec0415b5069109c4855bdb76f5e810
02_INVESTIGATIONS/INV-071/INV-071_PILOT_REVIEW.md,3352,5f5118e52d72133c7015432fe2d306068103c5884d9ec6d7ec7b5617eda3a50a
02_INVESTIGATIONS/INV-071/INV-071_RUN_HANDOFF.md,3228,40a5c487ae9f5367cd68895cc24b8d18fd90bf66e4f4d960e9164c2585309879
02_INVESTIGATIONS/INV-081/RAW_BUNDLE/INV-081/control/INV-081_POST_RUN_REVIEW.md,3324,1adc6243d2ab1c07a7e3f6456d36dd4a27409b57171b3255744eeb38729dec5f
02_INVESTIGATIONS/INV-081/RAW_BUNDLE/INV-081/control/INV-081_RUN_CARD.md,2521,aaf5026a47bda414d9f93edb98215c361a5c329671c7c543a26227f317ab7dbe
02_INVESTIGATIONS/INV-081/RAW_BUNDLE/INV-081/control/INV-081_RUN_HANDOFF.md,3953,7ac635ec0f5e0726c2cd08bbf7c8d26dcc93daf688c6214ce4080a38bdb11a5f
02_INVESTIGATIONS/INV-081/RAW_BUNDLE/INV-081/truth-engine/2026-09-06_15-55_propriete-medias-francais_CERTIFICATION.json,595,3b65bae77bd054903eb8a99028c49ba156c424dd3b12d799088c50ef2ff5621f
02_INVESTIGATIONS/INV-081/RAW_BUNDLE/INV-081/truth-engine/2026-09-06_15-55_propriete-medias-francais_INPUT.md,2521,aaf5026a47bda414d9f93edb98215c361a5c329671c7c543a26227f317ab7dbe
02_INVESTIGATIONS/INV-081/RAW_BUNDLE/INV-081/truth-engine/2026-09-06_15-55_propriete-medias-francais_INVESTIGATION.md,55747,0fc4ee6583cdc16a5f02801795f0248c30baa437239d48871390f527f478238c
02_INVESTIGATIONS/INV-081/RAW_BUNDLE/INV-081/truth-engine/2026-09-06_15-55_propriete-medias-francais_MNEMO_SNAPSHOT.json,9231,3ebbf70afaf4cca3fc05e181d920d6247514681a486d3231b3870b8a2809b07a
02_INVESTIGATIONS/INV-081/RAW_BUNDLE/INV-081/truth-engine/2026-09-06_15-55_propriete-medias-francais_NARRATIVE.tmp.md,5265,4a4de2d18f04b2856161a7ce36d9f375da9a63ec81c3b23f9db57453eb8cb2aa
02_INVESTIGATIONS/INV-081/RAW_BUNDLE/INV-081/truth-engine/2026-09-06_15-55_propriete-medias-francais_RUN_STATE.json,51511,138563ff7c58a71171d84ae00d3c30b604d3b07fae9491dd3f2593194ce72116
02_INVESTIGATIONS/INV-093/RAW_BUNDLE/INV-093_CERTIFICATION.json,595,6eec8b50603aa6412e3061ca093d6a5802c89d4354caa9f175b7eb7b6ea410bc
02_INVESTIGATIONS/INV-093/RAW_BUNDLE/INV-093_DELIVERY_GATE.log,595,6eec8b50603aa6412e3061ca093d6a5802c89d4354caa9f175b7eb7b6ea410bc
02_INVESTIGATIONS/INV-093/RAW_BUNDLE/INV-093_INPUT.txt,2547,1024cec0816e579bf11b7c97fb511042c3dff509de0a1118bfb765938a48563e
02_INVESTIGATIONS/INV-093/RAW_BUNDLE/INV-093_INVESTIGATION.md,73465,550bb01304486c054564e48da1a4482ac937e1e00f2865a2acec21a5f167d393
02_INVESTIGATIONS/INV-093/RAW_BUNDLE/INV-093_MNEMO_SNAPSHOT.json,14807,28c3d83676e4525d372d967b1da87adf23e70b416d5c0c89541cb3242e93bbad
02_INVESTIGATIONS/INV-093/RAW_BUNDLE/INV-093_NARRATIVE.tmp.md,12575,5f1ffe830d7cec97e1f7c0bcf8ed98210bbae07925a49781184a9aed4a3f0272
02_INVESTIGATIONS/INV-093/RAW_BUNDLE/INV-093_POST_RUN_REVIEW.md,2620,876a0994c8a2c74847f6f977f44d8ac933f7319f099a45f2bd1a63291d4f62fe
02_INVESTIGATIONS/INV-093/RAW_BUNDLE/INV-093_PRE_GATE.log,590,b233dacaaf8e5fa54b1dc3b519b7cd525652115f8137c4748d4db6d22db2d3b6
02_INVESTIGATIONS/INV-093/RAW_BUNDLE/INV-093_RUN_CARD.md,2547,1024cec0816e579bf11b7c97fb511042c3dff509de0a1118bfb765938a48563e
02_INVESTIGATIONS/INV-093/RAW_BUNDLE/INV-093_RUN_HANDOFF.md,2602,0b0feab1eab4df6e1799ac2bb16b7ad0d89bbfd9130fa886690c1e4c19c1b3d5
02_INVESTIGATIONS/INV-093/RAW_BUNDLE/INV-093_RUN_STATE.json,61622,7f507d93ddeddbcf0c7825f19dd1b7b089126219906894efa2533cd635c13fb8
02_INVESTIGATIONS/INV-093/RAW_BUNDLE/INV-093_SHA256.txt,1239,10703300fc1aac0fa5597dd74df99fa43f9b2e601e8aeb07acc4173265d7dd94
02_INVESTIGATIONS/INV-100/RAW_BUNDLE/INV-100_CERTIFICATION.json,601,cc5306de0e1ecfcf76b061cf7efeb91914f2741cbd58c9ce51f80a84122bd966
02_INVESTIGATIONS/INV-100/RAW_BUNDLE/INV-100_DELIVERY_GATE.json,600,f5536c5ca3824bba14a328f5a836f7015eb2350e98afbac9f2e1ed9bab279240
02_INVESTIGATIONS/INV-100/RAW_BUNDLE/INV-100_INPUT.txt,2239,b2cb293b8a8f4df17a11640248479e706c08517230c798b1222522fb2c3f4c4e
02_INVESTIGATIONS/INV-100/RAW_BUNDLE/INV-100_INVESTIGATION.md,72296,12a9cb06c54fbab16dba416a39b4c1e1355d76c67a492da577bdffb117e0d39e
02_INVESTIGATIONS/INV-100/RAW_BUNDLE/INV-100_MNEMO_SNAPSHOT.json,14379,05efc4c9cbb536da523e1da936d7ab1d36e31fe2b2750f9331628f1bd45db436
02_INVESTIGATIONS/INV-100/RAW_BUNDLE/INV-100_NARRATIVE.tmp.md,12293,d5141bb4c515fcc9edd9fc6216858f29a433a050f30b14d33684231fe08bd526
02_INVESTIGATIONS/INV-100/RAW_BUNDLE/INV-100_POST_RUN_REVIEW.md,3265,a50e6f5a148acdeae5c2c5a0e04eed9ccd63acee48467ec5836721803f06debf
02_INVESTIGATIONS/INV-100/RAW_BUNDLE/INV-100_PRE_GATE.json,596,4597b27cbc85db4734b856a46119824c9ccd3a017448b9907339262ad54fb4f3
02_INVESTIGATIONS/INV-100/RAW_BUNDLE/INV-100_RUN_CARD.md,2239,b2cb293b8a8f4df17a11640248479e706c08517230c798b1222522fb2c3f4c4e
02_INVESTIGATIONS/INV-100/RAW_BUNDLE/INV-100_RUN_HANDOFF.md,1524,aa8fb0bf28eb888c88e5c913703a9e5d008ab7dc73bd3e052e193dc98bd385e6
02_INVESTIGATIONS/INV-100/RAW_BUNDLE/INV-100_RUN_STATE.json,60037,e7f622a0ecac98a16e3ce093bb8af8c72111f6027f45bc2138953f8de10cc95f
02_INVESTIGATIONS/INV-100/RAW_BUNDLE/INV-100_SHA256.txt,991,009d4a9c050ea0495718a50f79cd7aa3b369a495449ddd63a930432adcd98378
02_INVESTIGATIONS/INV-103/RAW_BUNDLE/INV-103/INV-103_PILOT_REVIEW.md,3099,afd4da3581a385f789774bc774282b3f99b88aa24380de82365d184fdfd5b514
02_INVESTIGATIONS/INV-103/RAW_BUNDLE/INV-103/INV-103_RUN_HANDOFF.md,3606,b5bfb845e9f5ee571f577313a973c6bf15556ef64ebe63b5829d20f3c45f873f
02_INVESTIGATIONS/INV-103/RAW_BUNDLE/INV-103/_CERTIFICATION.json,615,6939bbaa93d43bcec5559dcd7a73618d463b198f883126763c635de2338b20fc
02_INVESTIGATIONS/INV-103/RAW_BUNDLE/INV-103/_INPUT.md,2169,9b5bee0c0312885ec7574edc58274ef80c4362376620424e90aedd3045d6a7c7
02_INVESTIGATIONS/INV-103/RAW_BUNDLE/INV-103/_INVESTIGATION.md,46590,41d0b8d330aae2da557e97437cfc8fd4ba844005c606556571cfae853508a2da
02_INVESTIGATIONS/INV-103/RAW_BUNDLE/INV-103/_MNEMO_SNAPSHOT.json,9734,34c65386beb45b5d886eb83e12d85515137e30494586d5dde1e382d069530a82
02_INVESTIGATIONS/INV-103/RAW_BUNDLE/INV-103/_NARRATIVE.tmp.md,3180,f015b8b0505577bda825843d67728421b89dedadd8a4399e8ad1dcbcd728a488
02_INVESTIGATIONS/INV-103/RAW_BUNDLE/INV-103/_RUN_STATE.json,43417,1d18fae4df92884883a198ff51cf1b9681f29cab00dd3116bd669ff0d12fede0
02_INVESTIGATIONS/INV-128/RAW_BUNDLE/INV-128/INV-128_CERTIFICATION.json,581,53aa3196657f4d06c2299265fa76cddf1befc4e6c4761f1b1a057a63956c1829
02_INVESTIGATIONS/INV-128/RAW_BUNDLE/INV-128/INV-128_INPUT.txt,2434,0d7909dfd828e3c222322bdf7365c5cb511a5b8c5537b28e2b04fd4c501a8f0e
02_INVESTIGATIONS/INV-128/RAW_BUNDLE/INV-128/INV-128_INVESTIGATION.md,69898,f75c96e5b32e77d14e87ad78af1711c01c46023a2bfc62366f1f327cd6244053
02_INVESTIGATIONS/INV-128/RAW_BUNDLE/INV-128/INV-128_MNEMO_SNAPSHOT.json,12111,6f9a74f7c985d39210eee1f0b9d7cda32ac240fd754d86ade315bb5a4c2032ac
02_INVESTIGATIONS/INV-128/RAW_BUNDLE/INV-128/INV-128_NARRATIVE.tmp.md,14564,a6d6391201a8cefe965694a01344726109f26dea46873a6295885be188427d8b
02_INVESTIGATIONS/INV-128/RAW_BUNDLE/INV-128/INV-128_POST_RUN_REVIEW.md,2881,f1d27435d96ed212b4d50e22102b1beb7b0c4f9426c5f46c5ad4a7351f688920
02_INVESTIGATIONS/INV-128/RAW_BUNDLE/INV-128/INV-128_RUN_CARD.md,2434,0d7909dfd828e3c222322bdf7365c5cb511a5b8c5537b28e2b04fd4c501a8f0e
02_INVESTIGATIONS/INV-128/RAW_BUNDLE/INV-128/INV-128_RUN_HANDOFF.md,4354,e6ebbe716642c098fccd8d02f7ebd4bb6677f8647b7022e530d0c83fbdfc977d
02_INVESTIGATIONS/INV-128/RAW_BUNDLE/INV-128/INV-128_RUN_STATE.json,55816,5def101485cc650532a329dac98e6d87647aaaab96a9208d67c9b75337a37df4
02_INVESTIGATIONS/INV-134/RAW_BUNDLE/INV-134/control/INV-134_POST_RUN_REVIEW.md,3615,bc893547b9cd5e3953859605b8c79b96a8fad8ce633122fe358ca3cf4b92fd6e
02_INVESTIGATIONS/INV-134/RAW_BUNDLE/INV-134/control/INV-134_RUN_CARD.md,2160,785a52114285ad80ccf9bb44f8d39eea80e993e4a13bdd89b9669f85c42e0507
02_INVESTIGATIONS/INV-134/RAW_BUNDLE/INV-134/control/INV-134_RUN_HANDOFF.md,4677,86ecbc873978c6a375d21dd9f145f299f2ba3edd8460615d040034b459e7cd6a
02_INVESTIGATIONS/INV-134/RAW_BUNDLE/INV-134/control/INV-134_SHA256.txt,692,9a058418ef7f5eb78149485273f41b971e047f0c485152fe09511fea91361c96
02_INVESTIGATIONS/INV-134/RAW_BUNDLE/INV-134/truth-engine/2026-09-06_18-05_attribution-ingerence_CERTIFICATION.json,587,d0604957a408ea1f6dec5b7a28895e6962fd4cc94078158bde385760a11ddfe2
02_INVESTIGATIONS/INV-134/RAW_BUNDLE/INV-134/truth-engine/2026-09-06_18-05_attribution-ingerence_INPUT.txt,2160,785a52114285ad80ccf9bb44f8d39eea80e993e4a13bdd89b9669f85c42e0507
02_INVESTIGATIONS/INV-134/RAW_BUNDLE/INV-134/truth-engine/2026-09-06_18-05_attribution-ingerence_INVESTIGATION.md,76324,1af305d79fa8357672d05408c56994be5c20d640beee77929a4eed876eced56a
02_INVESTIGATIONS/INV-134/RAW_BUNDLE/INV-134/truth-engine/2026-09-06_18-05_attribution-ingerence_MNEMO_SNAPSHOT.json,13658,7baf5211ab0dce1d9fd8880289d9b281bd93e985b591c236f67d84ca02cb0522
02_INVESTIGATIONS/INV-134/RAW_BUNDLE/INV-134/truth-engine/2026-09-06_18-05_attribution-ingerence_NARRATIVE.tmp.md,16492,45e7ee6b35902d0a9c877b0f5f48349464b2b7eae24565f1b66a8fd282286f06
02_INVESTIGATIONS/INV-134/RAW_BUNDLE/INV-134/truth-engine/2026-09-06_18-05_attribution-ingerence_RUN_STATE.json,58628,d02ae6caec9ac1ae4ad552f72bc8b1bdda05cd1bad80983c0e79265cd4dd31c4
02_INVESTIGATIONS/INV-135/RAW_BUNDLE/INV-135/DASHBOARD.md,1182,df38dd982493d465ba94dac2de40d133b48e84d1b91b8fa75b09118a50322624
02_INVESTIGATIONS/INV-135/RAW_BUNDLE/INV-135/INV-135_CERTIFICATION.json,571,e5adb53fbae32d5a635a4de237895429fc3422ca1eea116d8d28f84e3000531b
02_INVESTIGATIONS/INV-135/RAW_BUNDLE/INV-135/INV-135_INPUT.txt,1822,ba4fd06707cd8aefba0339919bee3e97d81e6109f5370385a293c817b2b75c7b
02_INVESTIGATIONS/INV-135/RAW_BUNDLE/INV-135/INV-135_INVESTIGATION.md,80221,353a82a97819f95366c9ab146b64c2ed72865fd4df2fec2cfd168bad6c555c72
02_INVESTIGATIONS/INV-135/RAW_BUNDLE/INV-135/INV-135_MNEMO_SNAPSHOT.json,13954,40609a97752c9c0f3615876b029e9289cea11e1a0c7e8cb8d4db2e271e100651
02_INVESTIGATIONS/INV-135/RAW_BUNDLE/INV-135/INV-135_NARRATIVE.tmp.md,17711,714c6133423fa2cd9874acbbac42385638520e6e461e0fd016b75c4676855124
02_INVESTIGATIONS/INV-135/RAW_BUNDLE/INV-135/INV-135_POST_RUN_REVIEW.md,3295,f7a513568c02242ef179f3ddbf0aa15c71b6c9f923fd2c3a311c5bcd7f7e7731
02_INVESTIGATIONS/INV-135/RAW_BUNDLE/INV-135/INV-135_RUN_CARD.md,1822,ba4fd06707cd8aefba0339919bee3e97d81e6109f5370385a293c817b2b75c7b
02_INVESTIGATIONS/INV-135/RAW_BUNDLE/INV-135/INV-135_RUN_HANDOFF.md,4587,656b7327adaeb9c776c276883292f54f4ff53d4d41607c14bd4a76532ca03187
02_INVESTIGATIONS/INV-135/RAW_BUNDLE/INV-135/INV-135_RUN_STATE.json,60302,5c7992ce7053679df40f5425b30c681982c9bee03b105312bcb6422a31a62ac3
02_INVESTIGATIONS/INV-135/RAW_BUNDLE/INV-135/INV-135_SHA256.txt,810,6af2d0166dc187631d8910f78a5818f55c94b2d0e1cf96297e5d762b70f9cc6e
02_INVESTIGATIONS/INV-135/RAW_BUNDLE/INV-135/INVESTIGATION_REGISTRY.csv,88408,3a9612a7e9d9fc5c06290eaf3e13e5a89d72a6518380803fdb39bdfcfab38f2f
02_INVESTIGATIONS/INV-135/RAW_BUNDLE/INV-135/TRACELOG.md,7818,9ab8c5e4b4e9483564e7709f174fa7e051ef76131dce0de465b3bc3c0a074e15
02_INVESTIGATIONS/INV-136/RAW_BUNDLE/INV-136/INV-136_POST_RUN_REVIEW.md,3932,77ec6b79d0a69bdc8ec9d9530a439e470bbd77ed41a8d13fc82bf04b9d4e84de
02_INVESTIGATIONS/INV-136/RAW_BUNDLE/INV-136/INV-136_RUN_CARD.md,1986,d7ed08f318f9baee19453e309e66a0efe40d87a57e1f83ec244870527b313a74
02_INVESTIGATIONS/INV-136/RAW_BUNDLE/INV-136/INV-136_RUN_HANDOFF.md,4311,89ec70a74acccd17ec08856f6d2368b124cc34ee354f6f8b0fd78acd86175f9b
02_INVESTIGATIONS/INV-136/RAW_BUNDLE/INV-136/INV-136_SHA256.txt,724,1bbc91a07a064947075e6f1e44a05aacf3c82f977df45d1c1e6e6952bebab25f
02_INVESTIGATIONS/INV-136/RAW_BUNDLE/INV-136/_CERTIFICATION.json,591,1930d6ceaf4380384fd30e5e2119fa3d7d9ec13c779cd12e6674571bf69d4da8
02_INVESTIGATIONS/INV-136/RAW_BUNDLE/INV-136/_INPUT.txt,1986,d7ed08f318f9baee19453e309e66a0efe40d87a57e1f83ec244870527b313a74
02_INVESTIGATIONS/INV-136/RAW_BUNDLE/INV-136/_INVESTIGATION.md,71010,64e654d0ae7a34168c47b47234757787ff91295c1655b37c526478857f3cc899
02_INVESTIGATIONS/INV-136/RAW_BUNDLE/INV-136/_MNEMO_SNAPSHOT.json,12624,004d81e270ec41b0bb49150a3c87135725f707ecbd1debc99593b82a38bf340e
02_INVESTIGATIONS/INV-136/RAW_BUNDLE/INV-136/_NARRATIVE.tmp.md,7177,bf26bba3156f93ca28e6bdf4802b007f26b4dcb1b68301d004225bef97e2f1ff
02_INVESTIGATIONS/INV-136/RAW_BUNDLE/INV-136/_RUN_STATE.json,62601,bc4cb81cb0f6f91d62dcf9acaf96b5f7392ef6661b6c9fb5c0e72af181908aba
02_INVESTIGATIONS/INV-137/RAW_BUNDLE/INV-137/control/DASHBOARD.md,1182,df38dd982493d465ba94dac2de40d133b48e84d1b91b8fa75b09118a50322624
02_INVESTIGATIONS/INV-137/RAW_BUNDLE/INV-137/control/INV-137_POST_RUN_REVIEW.md,3353,49a2303be32c068d326ad63b90844146cd38a5577c267f77814e3945e41b95bd
02_INVESTIGATIONS/INV-137/RAW_BUNDLE/INV-137/control/INV-137_RUN_CARD.md,1901,f16c6d16732be42fc4b1c6ed007be384d283dc13f58161a4f966140218c43218
02_INVESTIGATIONS/INV-137/RAW_BUNDLE/INV-137/control/INV-137_RUN_HANDOFF.md,4644,ffe90b6162ddec2d94bd84cf90fadaa18829b18ff6ce03c6f32970ea9092a85f
02_INVESTIGATIONS/INV-137/RAW_BUNDLE/INV-137/control/INV-137_SHA256.txt,809,99e1aa3d78a36726da49ae3e64419eda31c69a880ead0812579d5607ed1b5dfd
02_INVESTIGATIONS/INV-137/RAW_BUNDLE/INV-137/control/INVESTIGATION_REGISTRY.csv,88550,516b4e2983457004c3a7314bd15cb43cfbf9978cf50b7767f16fc9d6dfcc32de
02_INVESTIGATIONS/INV-137/RAW_BUNDLE/INV-137/control/METHOD_PACK.md,6468,2b82f9e415b739e16252f845910c7d4b91600446e2e1d5010d3c4e14fa06635c
02_INVESTIGATIONS/INV-137/RAW_BUNDLE/INV-137/control/TRACELOG.md,9898,76f87b23b8727449a7538348f30001839b16a7dd1b84ded4b8a5a22bb79b40cc
02_INVESTIGATIONS/INV-137/RAW_BUNDLE/INV-137/truth-engine/2026-09-06_20-25_renseignement-executif-medias_CERTIFICATION.json,603,b94dd4354291538dc54d0c37a306b9d29d1657cc5503748bb0c79b8e40dde256
02_INVESTIGATIONS/INV-137/RAW_BUNDLE/INV-137/truth-engine/2026-09-06_20-25_renseignement-executif-medias_INPUT.md,1901,f16c6d16732be42fc4b1c6ed007be384d283dc13f58161a4f966140218c43218
02_INVESTIGATIONS/INV-137/RAW_BUNDLE/INV-137/truth-engine/2026-09-06_20-25_renseignement-executif-medias_INVESTIGATION.md,71291,8dc049a5ba14faa972fd2db9f3aca2d8eeedf2954fc085900b51a4a5db92ee04
02_INVESTIGATIONS/INV-137/RAW_BUNDLE/INV-137/truth-engine/2026-09-06_20-25_renseignement-executif-medias_MNEMO_SNAPSHOT.json,13155,4f4b0ff325821e1e36e4dc3606c8d88527dccb152777a0f3fc446f3ad091816c
02_INVESTIGATIONS/INV-137/RAW_BUNDLE/INV-137/truth-engine/2026-09-06_20-25_renseignement-executif-medias_NARRATIVE.tmp.md,8497,f43d9582377230e9d09a0f33b5d3dec6379fccd21e9d12bae54f2c73f737183d
02_INVESTIGATIONS/INV-137/RAW_BUNDLE/INV-137/truth-engine/2026-09-06_20-25_renseignement-executif-medias_RUN_STATE.json,61886,57518a4fbfef88be2e13945c70af57100614e2a7045391896706568af076287a
02_INVESTIGATIONS/INV-138/CANONICAL_ASSEMBLED/INV-138_CERTIFICATION.json,642,408f61f103cf319efda30439626f86a038a3b54608496a522b46607a97ee53cc
02_INVESTIGATIONS/INV-138/CANONICAL_ASSEMBLED/INV-138_INPUT.md,2065,12d28e0dcfe9e054848adcedd88cb5073bc28a38297b68e9616dc5c30dc0dc0b
02_INVESTIGATIONS/INV-138/CANONICAL_ASSEMBLED/INV-138_INVESTIGATION.md,108033,54cc64ec22dff754b445b41bb921b9dd7b90c1397c4938a891f79675e050d823
02_INVESTIGATIONS/INV-138/CANONICAL_ASSEMBLED/INV-138_MNEMO_SNAPSHOT.json,16966,6f92ae672014397387c9c89f68cc838224f61e455c59e6130127a0f2400d934b
02_INVESTIGATIONS/INV-138/CANONICAL_ASSEMBLED/INV-138_NARRATIVE.tmp.md,19151,bbd21ab2ed3ab616e43c6677d2320de2e3f5223c6090ff333da783f1ac6e4352
02_INVESTIGATIONS/INV-138/CANONICAL_ASSEMBLED/INV-138_POST_RUN_REVIEW.md,3366,4e5549ce441526a55a66d3edd5e9fffd5cb5f3a967014c16d05f82f86414f85b
02_INVESTIGATIONS/INV-138/CANONICAL_ASSEMBLED/INV-138_RUN_CARD.md,2065,12d28e0dcfe9e054848adcedd88cb5073bc28a38297b68e9616dc5c30dc0dc0b
02_INVESTIGATIONS/INV-138/CANONICAL_ASSEMBLED/INV-138_RUN_HANDOFF.md,3725,33cf00cd572c2109187d853d87848aa22c0d81371fdbfcc089e3a085d8551845
02_INVESTIGATIONS/INV-138/CANONICAL_ASSEMBLED/INV-138_RUN_STATE.json,85547,fdf03f019a5e7498da9e59bfb8ab3c9eab6fe88b383563a61f6636dcb1f6b413
02_INVESTIGATIONS/INV-138/CANONICAL_ASSEMBLED/INV-138_SHA256.txt,1005,0d21ad6105e1dfba61a7e990dcbcc568a317e7fb01f45c8e679ae765a76fdd97
02_INVESTIGATIONS/INV-139/RECOVERY_ONLY/INV-139_RECOVERY_HANDOFF.md,3940,4f1519ff60088529dcb42bed830fc5df8c8aa2218063e3dcb73f8e0d11a8405a
02_INVESTIGATIONS/INV-140/RECOVERY_ONLY/INV-140_RECOVERY_HANDOFF.md,3023,aec894571a3eee531ea92bd386da1ecb664e9a7bd27c82ee2a73b330f26cb083
02_INVESTIGATIONS/INV-145/RAW_BUNDLE/INV-145_CERTIFICATION.json,626,1f8c86a3884f57bebe813807eeaecce4f87871660064d781babf77c8bbf220e4
02_INVESTIGATIONS/INV-145/RAW_BUNDLE/INV-145_INPUT.md,2017,71922fc117f2e36bfe0ae71bc90f74050b5d1c011abef1eca1def5dae945f591
02_INVESTIGATIONS/INV-145/RAW_BUNDLE/INV-145_INVESTIGATION.md,62513,2bc95a3d85ae5b0d7abda185b350067600ca3bd8e544d10a942f157940ac0c5a
02_INVESTIGATIONS/INV-145/RAW_BUNDLE/INV-145_MNEMO_SNAPSHOT.json,11405,447d8e54218025c4366dd26732b367124025d1332ec977e064ce0281f9b3c631
02_INVESTIGATIONS/INV-145/RAW_BUNDLE/INV-145_NARRATIVE.tmp.md,8222,9d35e65297f885ae9c5b11ca293652b0cd90aa92d8f10ecfcd0cdf9d93be82e4
02_INVESTIGATIONS/INV-145/RAW_BUNDLE/INV-145_POST_RUN_REVIEW.md,2884,4a65d3d8ee5da97fb1556cc39a82ff3cd66521b80c95a5b0f29f30d0ffe4461f
02_INVESTIGATIONS/INV-145/RAW_BUNDLE/INV-145_RUN_CARD.md,2017,71922fc117f2e36bfe0ae71bc90f74050b5d1c011abef1eca1def5dae945f591
02_INVESTIGATIONS/INV-145/RAW_BUNDLE/INV-145_RUN_HANDOFF.md,2885,e1987224267601dc9d8ea84bbf33137cd9d2df7b0b348484cb26e7be6a085aee
02_INVESTIGATIONS/INV-145/RAW_BUNDLE/INV-145_RUN_STATE.json,53774,9707155b75bafda6d2173e04ab5362af9f2352b0202bf2f921713713a7e999f2
02_INVESTIGATIONS/INV-145/RAW_BUNDLE/INV-145_SHA256.txt,809,c92a3720d47da2b7c2c2d20df814dfc6460fbf87fa746c316cb48965c23d469c
02_INVESTIGATIONS/INV-146/RAW_BUNDLE/INV-146/INV-139_RECOVERY_HANDOFF.md,3940,4f1519ff60088529dcb42bed830fc5df8c8aa2218063e3dcb73f8e0d11a8405a
02_INVESTIGATIONS/INV-146/RAW_BUNDLE/INV-146/INV-140_RECOVERY_HANDOFF.md,3023,aec894571a3eee531ea92bd386da1ecb664e9a7bd27c82ee2a73b330f26cb083
02_INVESTIGATIONS/INV-146/RAW_BUNDLE/INV-146/INV-146_CERTIFICATION.json,1114,6726d48d2ccae389894d357b9b89abbe1b511f6d8d821d0e934b2615c68503d8
02_INVESTIGATIONS/INV-146/RAW_BUNDLE/INV-146/INV-146_POST_RUN_REVIEW.md,4020,b0f59fa38682fa1d09eb13c7e5ed2fe0bf8a4c727a54ccd68778ad6bc90376a9
02_INVESTIGATIONS/INV-146/RAW_BUNDLE/INV-146/INV-146_RUN_HANDOFF.md,3425,fa9d75722e36f42fe74febe2f06f0f7144143a601fb45873115230f9ff6d4889
02_INVESTIGATIONS/INV-146/RAW_BUNDLE/INV-146/INV-146_SHA256.txt,740,7f9cec09d26530ff5ac0e4d3ab9bf92953dff50f2e348ac6c0c356f269281fbc
02_INVESTIGATIONS/INV-146/RAW_BUNDLE/INV-146/INV-146_SYNTHESIS.md,19289,9cf2a68c467cdc3a850e4494bda6b32044ee4f003d4623f4b161a62624bd3f8b
02_INVESTIGATIONS/INV-146/RAW_BUNDLE/INV-146/INV-146_SYNTHESIS_CARD.md,3091,6f45981cbb617c7f923f31fe99271df6c048ef9276582f96e2413f1fcb2cd667
02_INVESTIGATIONS/INV-146/RAW_BUNDLE/INV-146/INV-146_SYNTHESIS_INPUT_GATE.md,3184,7c561d2499508e92cc3202049deb6c17309b1ad7de21c6b088a516ca54712d76
03_STRUCTURAL_METHOD/BACKLOG_STRUCTURE_AUDIT.md,6890,18bb70ac4f6e8cf60153161a55cc8680a64c4ebc64cccf2e3aa8d7a9043e93d8
03_STRUCTURAL_METHOD/EXECUTION_PLAN.md,889,15f6bb6d3ea57cab8b408c3227215ee541983ef81deff54b500e8cb162f50ae8
03_STRUCTURAL_METHOD/INV-001/INV-001-R1_REPLAY.md,2900,c3b02fe75ee3ccd0804ac9ab420489b1b7af7710b7aa9920aa00a4f626ed1105
03_STRUCTURAL_METHOD/INV-001/INV-001_CORPUS_INTEGRITY_AUDIT.md,9175,21704b2e6957dd9550327c63b779f57137bd809ebd7ae28c87b1dc33b0854c78
03_STRUCTURAL_METHOD/INV-001/INV-001_CORPUS_MANIFEST.csv,24644,961d9574b220485375431fd0f4763d8c938903a1da50095a80e10aa7948bc5be
03_STRUCTURAL_METHOD/INV-002/INV-002_CORPUS_MAP.csv,112551,16381ccc4a133aaf83e86fc357284444b83cc2ee3663c6ecbfae8aa0d76dc46a
03_STRUCTURAL_METHOD/INV-002/INV-002_COVERAGE_CHANGES.csv,10877,6a28f9e134d0395884b06562070668a375e228a9d76623a7dc6db608b2199ef8
03_STRUCTURAL_METHOD/INV-002/INV-002_INVESTIGATION_COVERAGE.csv,51231,517d66685cde2d9398af522e7ad344ae494ad0036a346dfa7b66c80e49dbfe3c
03_STRUCTURAL_METHOD/INV-002/INV-002_REPORT.md,12301,f4de1fac8ea62469b00987cc8461e2bc702b98b66a501f0fb6c930f7dcd5503b
03_STRUCTURAL_METHOD/INV-002/INV-002_STATS.json,588,c50fc6c700650e7c719d8b33be0b880e8cd3d19d8cb50983972577814e50d9df
03_STRUCTURAL_METHOD/INV-002/INV-002_THEME_MATRIX.csv,4133,f6eb6032873806e0180772cfe90fc44b649408b4b646077f835a4b0b02084a68
03_STRUCTURAL_METHOD/INV-003/METHOD_PACK.md,6468,2b82f9e415b739e16252f845910c7d4b91600446e2e1d5010d3c4e14fa06635c
03_STRUCTURAL_METHOD/INV-003/README.md,662,0eb67b279a3f471def9dbb86a164167027843bf3997a3e066b06ce9e304a42b6
03_STRUCTURAL_METHOD/INV-004/METHOD_PACK.md,6468,2b82f9e415b739e16252f845910c7d4b91600446e2e1d5010d3c4e14fa06635c
03_STRUCTURAL_METHOD/INV-004/README.md,648,4bebe14644ce9a35f90d4e187a6d3aa94e4b0368cf6f4a5171aa4c0cf2ab2b9e
03_STRUCTURAL_METHOD/INV-005/METHOD_PACK.md,6468,2b82f9e415b739e16252f845910c7d4b91600446e2e1d5010d3c4e14fa06635c
03_STRUCTURAL_METHOD/INV-005/README.md,640,eb19a241b7207076aa122b3387f5c8731d72f3373c0dfe1dc694da167c1ad137
03_STRUCTURAL_METHOD/INV-006/METHOD_PACK.md,6468,2b82f9e415b739e16252f845910c7d4b91600446e2e1d5010d3c4e14fa06635c
03_STRUCTURAL_METHOD/INV-006/README.md,607,ca22195d73f565782d8271423b8c0d85e290ff539bcbee8665bef7642b7a50e0
03_STRUCTURAL_METHOD/INV-007/METHOD_PACK.md,6468,2b82f9e415b739e16252f845910c7d4b91600446e2e1d5010d3c4e14fa06635c
03_STRUCTURAL_METHOD/INV-007/README.md,639,86cde76b26fb995daeedd1a9fbf57709648d56873bdff8199be368ae8c991da1
03_STRUCTURAL_METHOD/INV-008/METHOD_PACK.md,6468,2b82f9e415b739e16252f845910c7d4b91600446e2e1d5010d3c4e14fa06635c
03_STRUCTURAL_METHOD/INV-008/README.md,636,f667ca01c6a9d54b7f4f7b417287c414d50de4bb67245501dd2b77f1e76a93fc
03_STRUCTURAL_METHOD/METHOD_PACK/METHOD_PACK.md,14663,171ddecd4c628fc88f4ebdbb44fc74514a0f8648f0009dab8a3f8804ba4da40d
03_STRUCTURAL_METHOD/METHOD_PACK/METHOD_PACK_AUDIT.md,1509,2622293bdad878abe294e86db40e5a395ae0b91ce3d9c58da7d69bc6a88c02d2
03_STRUCTURAL_METHOD/METHOD_PACK/PILOT_GATE.md,1786,b6dd96966469534583046bb5c13a6b8fa1307bbd524c0c1f1efa36166e96406b
03_STRUCTURAL_METHOD/METHOD_PACK/README.md,1176,8b17c84aa5d01baaabc7da67bbcb511eda08a441f7a999d9892e4c34372d6664
03_STRUCTURAL_METHOD/METHOD_PACK/RENARD_CORE_V3_USER.md,8596,ba643c1f61126060c15433372eab0f12c8e2945dd25afd5c64b358b42b620ffc
03_STRUCTURAL_METHOD/METHOD_PACK/RENARD_PROJECT_OVERLAY.md,2632,92bd45f2bad417fb964a3d4df05d20829a35717d3e2a7b6cccdb8dbf0b8b1588
03_STRUCTURAL_METHOD/METHOD_PACK/RUN_CARD_TEMPLATE.md,1305,5dc149116b9d39187f12fbd49c918ebac214193a9b4bc7d17f3b9c1895b2288b
03_STRUCTURAL_METHOD/METHOD_PACK/RUN_HANDOFF_TEMPLATE.md,1459,f6093e819bd3b6a86678757ce77bd75a97913b0bae9b387603c5c27f60592360
03_STRUCTURAL_METHOD/METHOD_PACK/samples/INV-010_RUN_CARD.md,1440,9ecf226e422c4ea15371142cecfa6af2ab54dad338126da4a9fe6dbad56ccf56
03_STRUCTURAL_METHOD/METHOD_PACK/tools/build_run_card.py,1266,286ee002b561640fb43eb03c1efc543f4a19d56299699da2ce4580a7236cd5c2
04_ROUTING_HISTORY/RECLASSIFICATION_2026-09-07_0829.md,3759,0f0d1af23ad20c58b7ea33de73f2584df664f09db5f5b3743bdecd3fd097a0fd
04_ROUTING_HISTORY/RECLASSIFICATION_2026-09-07_1133.md,3628,f098c181226a79eaadd1fb4a061b798805355a7ee2bbbe97670fbb51fae12c65
04_ROUTING_HISTORY/RECLASSIFICATION_2026-09-07_1220.md,2789,7feb3956c8267455d1e26e41dbba40aee819e32e739f8a9d9abd8eca8696c920
04_ROUTING_HISTORY/RECLASSIFICATION_2026-09-07_1523.md,2959,35e809a41ef6da7b27919ef6bf5fa683cc4c940d4bcb93b4851462b465e5c282
99_SOURCE_BUNDLES/DEMOCRACY_INFLUENCE_INVESTIGATIONS_BUNDLE_001.zip,97818,23ba62413e5638b447d3972f3841da744a1cfdd0a620b13dc41ece1e284a0886
99_SOURCE_BUNDLES/INV-022_R3_CANONICAL_6_FILES.zip,60806,ffebc4c4a78188350954badc7f7b6cf9c7f6f201547e57f7ea6abe385db04d18
99_SOURCE_BUNDLES/INV-022_R3_FULL_FORENSIC_BUNDLE.zip,185449,9691ee258d0c600bb551a22e9fb2a3248d70ede39225685454230769d8339d0b
99_SOURCE_BUNDLES/INV-023_R3P1_CANONICAL_6_FILES.zip,54351,e14719a1aca3a28340e4d60de8efd18fa0ed8bf50338c6ae15afab6ddd708af3
99_SOURCE_BUNDLES/INV-026_BUNDLE.zip,80189,6b9754adf908de7d1ed665b4b08ea12e21ebf14c145fe48b435b9b91d1c58e49
99_SOURCE_BUNDLES/INV-033_BUNDLE.zip,80700,61702c978ba1ce56775ceffef27d34b5389cef8f4a4227b5b15136cdbcc975a2
99_SOURCE_BUNDLES/INV-039_BUNDLE.zip,47707,0416527edb70302209022874ecdbee709027cd46d5fa4bee5c6f4a0ee8b6701b
99_SOURCE_BUNDLES/INV-044_BUNDLE.zip,57941,64203edff4f1e273f7d37c9bc09b62281a61e03348800df3e76e29a0390b2e30
99_SOURCE_BUNDLES/INV-054_BUNDLE.zip,48908,81997b4f28a74392a642b25697e4e59c5b7b51a71ac8a297dc8d47634df759de
99_SOURCE_BUNDLES/INV-081_BUNDLE.zip,43276,628e49e92fc4f93dc38ddce8e673c89010178a1222fe852fcf81993b3a8412d4
99_SOURCE_BUNDLES/INV-093_BUNDLE.zip,53421,56e97e4402978eecb20588b50fd0f6bbc082ea47c60afd3816a16ade6b22ab60
99_SOURCE_BUNDLES/INV-100_BUNDLE.zip,54287,d1a834751f5fd6c776c7b1a6709688ce1d33a787bdc595a4081c38df6572a961
99_SOURCE_BUNDLES/INV-103_BUNDLE.zip,34449,26e4deaf660968b3f9d5f4e2373cfe75582d51c39b4517e8c4f3bac9dc8fcd47
99_SOURCE_BUNDLES/INV-128_BUNDLE.zip,52649,44c3ef6027e2d334668aa8c4b467e6f93fddf1ac2826b30532271045288219bd
99_SOURCE_BUNDLES/INV-134_BUNDLE.zip,55889,28676a4de3a86ce82051297a7eec0abbae6028ed78ae451043029d13c6378063
99_SOURCE_BUNDLES/INV-135_BUNDLE.zip,81340,8d240c8be3ec417f26067dea33c791f44840ba8ac4993f60e2eaefb7e07cd895
99_SOURCE_BUNDLES/INV-136_BUNDLE.zip,47558,5d7ad479b3dedaedf83604b511c97b310d4103638ed572556cfb5d22bbd55fc7
99_SOURCE_BUNDLES/INV-137_BUNDLE.zip,77854,ef854839209b3997b5cd7ee9fdad7025af49a222047349aae23ba8457a2cd7b8
99_SOURCE_BUNDLES/INV-138_CANONICAL_ASSEMBLED.zip,71974,1522639192c9113ec0b7dd0bdc8230d7e739415d2212dae188499da33cf399c5
99_SOURCE_BUNDLES/INV-139_RECOVERY_HANDOFF.md,3940,4f1519ff60088529dcb42bed830fc5df8c8aa2218063e3dcb73f8e0d11a8405a
99_SOURCE_BUNDLES/INV-140_RECOVERY_HANDOFF.md,3023,aec894571a3eee531ea92bd386da1ecb664e9a7bd27c82ee2a73b330f26cb083
99_SOURCE_BUNDLES/INV-145_BUNDLE.zip,45912,fc9a2513f91347e1ef2fc7e4975edca3aa77e469005c00e5435b9af6c3ca815a
99_SOURCE_BUNDLES/INV-146_BUNDLE.zip,20438,7ebd342ea57c31af3aba1fde7db9c63db89e7f25b0d96d726e8e0dce9164f6b5
99_SOURCE_BUNDLES/INVESTIGATION_CONTROL_v0.7_METHOD_PACK.zip,1833111,7e2dcdadfef8129b86d6c98522ebb8c7f5793ee971b0ee29ce2b8306de3314fe
99_SOURCE_BUNDLES/SUBSTACK_BASELINE_2026-08-26_v0.4.zip,1682652,6774944e80f3c150e6d3506c4356e5ecb51243eb0ce8d4b99b207c3b69752052
99_SOURCE_BUNDLES/TRUTH_ENGINE_2.10.6_R3P1_CANONICAL.zip,218204,d113e3bd1848805bc3dbf1485eb1107a5767ebe74efd0cf27b601e01db278d30
ANALYTIC_POINT_2026-09-07.md,8513,7db61e2e27f9635e5a6a32fd1376fd12b059bb42d1b53e3bb485e292e4f4138b
CLOSED_INVESTIGATIONS_INDEX.csv,7093,f50501e0ccc54774b57b36d60a07e6828efb14012ec2ca9029e74232fd4af933
COMPLETENESS_REPORT.md,297,66b8757d53fc89067028d8cf9250fa70484cd7be22e446fb2cb8df90a654f153
OMITTED_DUPLICATES.md,546,bb5b6cff364bb973d5829619389c03162421621013b2095bfe65cbe2f16a4960
README.md,2477,8b05fbc2695fdecc7ca597a6215edda2490d7fca135249a39c712c39694bd583
SOURCE_BUNDLE_INDEX.csv,2570,374ad77d069780fb79e0f238dd4a153164a3b934b15434fa3703c21e0d63a8f1
STATUS_SNAPSHOT_ALL_146.csv,103189,c98100a2c1383379d5a03774d39668b5b4b90676ae3c512e5bdcf5048eacaeef
