path,bytes,sha256
invchain/CONTROL_STATE.json,15957,a77372931678ab290f8d36eb4e33c6c39014c3bae34e4de3bd308b68e9a66f9a
invchain/CONTROL_STATE.pre_inv053_baseline_repair.json,16888,d38f6b5d076cbd3010e5d8bdca461e667c9a36a32132e52201b91724e564cf87
invchain/DASHBOARD.md,3336,334f90c4340d766918426e2628965bf3b7543296e9b4df830d7647edf1336964
invchain/DASHBOARD.pre_sync_INV051.md,3647,9811f50cc915329e4ea6cb5b3ab11c3a9e19b6be3554e13c854c2371ec488f1d
invchain/DEPENDENCY_REVIEW_2026-09-11_INV052_INV104_R1.md,2690,ee749098c23e95a06a8941474b5fd4468351f786cb598fe3fdc8d3a34aca6aa4
invchain/INV-015_NARRATIVE_SOURCE.md,6202,63176cf7da05e3b50a130cc09cf23d515d2fcf1dea9f31cef0f41519f987c204
invchain/INV-015_RUN_CARD.md,2273,5e79062ec2f66a35c57f64c0acb5a6e21a14a5c52764d328252fe3449ac40b0e
invchain/INV-015_RUN_HANDOFF.md,2953,db01166e3c5ecc274633c22d6e707ed17461d40aec2b03eaae3b0553f624cd31
invchain/INV-016_CENTRAL_DELTA.md,881,d5e295f7466618b9a55f4f49dfc4371806f84c05de5b4ec11e097cea02324904
invchain/INV-016_CERTIFICATION.json,589,daf62a9a319778c8a06a660c958eefba6e72bc6d6906af289b07a896e511ad01
invchain/INV-016_DELIVERY_GATE.json,588,12887143af8540d2ca10a113480061306fc8cf552dd49a515717bec8a321ca22
invchain/INV-016_FACTS_STAGE.json,20132,5b0e6f7868d3a9f208b4be94421896a80329b5fba49cf505465b7010b30278dc
invchain/INV-016_INVESTIGATION.md,44483,323d0a35b2479b8409c6dea1fcb5527bbf16584719264c178512e5a6ffe943e1
invchain/INV-016_MNEMO_SNAPSHOT.json,7421,956680c1ba8bbd559b298b47b2fc82f94ff856136944c3e926eb43d05af291c3
invchain/INV-016_NARRATIVE_SOURCE.md,5631,6dabeeeb2a1c9a456058797ef3b0830e40482658c968e5b5af1802c6defd759b
invchain/INV-016_PERSISTENCE_STAGE.json,2425,63f3c985d1a4644170dd591307e947ba89cf17d47f72029211cecf3ac5139e8b
invchain/INV-016_PRE_GATE.json,583,7d4cc59f468fb580f5d4f28f0ba942b79fd4086bc256cd4d5795853c734636f2
invchain/INV-016_RECLASS_PLAN.json,791,7d3d5173507151acc1324154540edbda9a57e9e15ef24bbca41af737cffa43b7
invchain/INV-016_REVIEWS.json,15,764319ca5bb9360ccff180d38441165ef9b673ffcd4a10e48e537879c7ec360d
invchain/INV-016_RUN_CARD.md,2307,99153e7421ef5b0db9cd8df2a790d7a49b454304bc1a07dc491b96a1a168fbde
invchain/INV-016_RUN_HANDOFF.md,3328,ba72ebf222c756a256a208234bed3d9e2b25e83771cce0257f547252fb60166b
invchain/INV-016_RUN_STATE.json,39675,8cde4137a64ab1969d2fa99a4abf7089bee95433cfad8c5a775ef5d168ef8608
invchain/INV-016_TAIL_STAGE.json,22597,4bd34859b1cbb9b21d79ee440726ad72413e331b91a38c7fd338c965c67bf7ac
invchain/INV-029_NARRATIVE_SOURCE.md,3385,36672a921e5bdb74b8de23c19f707c27dc43ae86fcef55e8d2a632a3aed0efe9
invchain/INV-029_RUN_CARD.md,2455,bb895ca7ed1503e067d8d03c404ed25bdc7b0e1a36188cf992bf27e639818609
invchain/INV-029_RUN_HANDOFF.md,2764,893fdc5fc47202de0c22b362eca6dc7586b52edf0262274c6dd93884693be6c0
invchain/INV-037_NARRATIVE_SOURCE.md,3171,4b6f31fde2968662240d4be48b225440f5e13e203059eb2ca860ec7988dc7ebf
invchain/INV-037_RUN_CARD.md,2141,3820dd102dcf3ef55158edb9c00f4ccdb10796cd002888c1070f5a16d6a107e6
invchain/INV-037_RUN_HANDOFF.md,3004,a48f909396f4272cea5c9743915743d4f8b9d7ab4086e1b0ce4377f4166c93a5
invchain/INV-038_RUN_HANDOFF.md,2013,2000ae3815a4d88953f1accdd7232ad89878c96f0f359e90a09c9b7d07c57ebb
invchain/INV-038_SYNTHESIS.md,4972,4f56b4c79a972bb0175ce81de8097661c3cc4a23d076179dc491fbb2d0e90a88
invchain/INV-038_SYNTHESIS_CARD.md,2398,8cd3982407d70da22be8e300031c78c4802c9177bd472c0cd307df7bcf9b21ab
invchain/INV-038_SYNTHESIS_CERTIFICATION.json,682,208a1e5edcefe6a801fddad74425954cb34f6ddba34276dc9eb93ecf09b6c66a
invchain/INV-039_RUN_HANDOFF.md,3796,f161f85f3b3e4ac598054a114b461a01b480ef2fb646c39112e3ff7df8733748
invchain/INV-040_RUN_HANDOFF.md,3259,686477cfa9048931b202a8c94aa26e9a1484d7eb3a8eb98d39034a92ae3c5526
invchain/INV-040_SYNTHESIS.md,11197,63608989b4fb5b34abb26c9cb1a7a0d840109c8e7158b20dcc30540f540d54f7
invchain/INV-040_SYNTHESIS_CARD.md,3399,75233ccdaa686d16a594170cad7dddcae0b87264e493366973b6d9be9b0c1521
invchain/INV-040_SYNTHESIS_CERTIFICATION.json,2010,b0ba709365dc9d0533883504e9d8b59fd5aff028c0f7a1c35c28144a1bb856be
invchain/INV-041_RUN_HANDOFF.md,3932,755ca22180fafb8699be5da76c9ebd24d62e5ed39d17312906942491763342f9
invchain/INV-042_RUN_HANDOFF.md,3320,ee30ab176cfb9f73b9f225cb9ff05d0d994d3913f667954800580c20ccb87925
invchain/INV-043_RUN_HANDOFF.md,4027,f9a2ef582d9a35ca8b7de6dfefeaf578dacac1544834a7a4cbb4ee2ba14f3ac9
invchain/INV-044_RUN_HANDOFF.md,1737,e85cbeebba1a91a9a084b1ed811144dee0e9db755c867b30fd0b5ae2ecf1fda1
invchain/INV-045_RUN_HANDOFF.md,2228,dceb321e6ed9d0f0e13be5d6cd7a12cfacbdda929b2ec10c0a83eaa70088cc01
invchain/INV-046_RUN_CARD.md,2614,56a69bfd633a69d76c8e66dbdfdddf69047ce274b44d9704b5500e6215a99cdc
invchain/INV-046_RUN_HANDOFF.md,2877,eb957002612d086217cba34030f91e3b867844744ad07a9811e06aabb9359b12
invchain/INV-047_RUN_HANDOFF.md,4724,117e7b67c5ad6c68fc006ca02c7991665b9b561bc5ede80f942ddb9cca492533
invchain/INV-048_RUN_HANDOFF.md,3435,02ae047dac6d31df1353295080acb7130200919098357b5af1fbca5af5c4a3a2
invchain/INV-049_RUN_HANDOFF.md,2398,53b700412f23822520263f58965856384a77fa82053df12fc2d5ea6671830bfa
invchain/INV-051_NARRATIVE_SOURCE.md,4666,f98c1ea8d4558105bcff7d46455b8ff106d88b6acf5c56fcdde2305132af5cf1
invchain/INV-051_RUN_CARD.md,2285,cbed4dc39f75324e1989f5ed697b58f28476161cc15b593ced5e7fda5f3b3c0f
invchain/INV-051_RUN_HANDOFF.md,3222,b11e8dee775ff460c6e4465c9afff31892c4d1b4f2ab34e3902944f6379a10e0
invchain/INV-052_RUN_HANDOFF.md,1787,396de9fd450e5420b55b11b646d7b0437eb77e4c9231f7d4b3f978cbe04fc24d
invchain/INV-052_SYNTHESIS.md,4988,bb1a88870a0b2cf0455f516dfc7d2126c063987cb120a7d655842cccb82d7c4d
invchain/INV-052_SYNTHESIS_CARD.md,2804,303603835b32f3b82e031faf752759e9f92bf9a802386574dc08892a89cfb695
invchain/INV-052_SYNTHESIS_CERTIFICATION.json,1206,d1db940874fb2e4cc3f3e7b201b5161e015f5f561f36922afbd9e9d16ab3836d
invchain/INV-053_APPLY.log,308,44dd527fb261a7ef88348312e6b14abe20cdfe19b0913eb123439f9971684b07
invchain/INV-053_CENTRAL_DELTA.md,756,368dba8741ad6a52db09ec019ef1a2e60681539f8203455ce3c1111bb077061b
invchain/INV-053_CERTIFICATION.json,587,27e9e07c3dd939a5e88f546cef94275ed61b70876d9188cae8ef001cf4e83098
invchain/INV-053_DELIVERY_GATE.json,586,f331a9de7131bfaccc5d436ebdc5a7af8edc638983fe98bcc0cb9dc7fec179de
invchain/INV-053_FACTS_STAGE.json,19288,6aaa5062f4a626493c4a43addd6d8c62e7eb91f98d07a6e823655ce9c8556143
invchain/INV-053_INVESTIGATION.md,42820,354d2135419166a77df2faae2981f0641bbb25342ee1aa4fb4ea371dd47301a2
invchain/INV-053_MNEMO_SNAPSHOT.json,7488,baaa79d4513f4db87ac7e0de60d46ad67c8663857994b85cb85f9fd45cedac06
invchain/INV-053_NARRATIVE_SOURCE.md,5861,6f8782178beb6b9c62f2bd48296334e0da2108c9b06c08d1decf1cd421f90a11
invchain/INV-053_PERSISTENCE_STAGE.json,2425,e501217da2fd93c1943fc7e47d1735dadd570dc2539ad29bb9455b0e2b8729ab
invchain/INV-053_PRE_GATE.json,581,691c391f763290b6daa9bded4aad5d2edc3bf3b142e024d5d9e31a75f017a597
invchain/INV-053_RECLASS_PLAN.json,1050,19f80c027a037e6c396aac1d030b1e237c138f1371832c9aba452f3f8ce5f3da
invchain/INV-053_RECLASS_PLAN_REPAIRED.json,776,601acefcbcc3af0825445f7067deacccf29a6c2275f36983cc153ee53fa6d792
invchain/INV-053_REVIEWS.json,15,764319ca5bb9360ccff180d38441165ef9b673ffcd4a10e48e537879c7ec360d
invchain/INV-053_RUN_CARD.md,2248,0570dcf1fd973566d9711d574e8829dc408aabbba0512a6d9b34c3d646e6a50b
invchain/INV-053_RUN_HANDOFF.md,2930,fb2e4daf5d4dc5aa473f5a661388d34c3783a82f3549b2327353d873c038f094
invchain/INV-053_RUN_STATE.json,38153,023152dd6aac6e8d4e2d6f555370f86ea139b0d725829377279797717e2b4b42
invchain/INV-053_TAIL_STAGE.json,21475,a65a0872dc00eef8fb5a2155b06e7ad27439539b8652e0943c13dc656f9bd95c
invchain/INV-054_RUN_HANDOFF.md,2661,64c37752d4c1dd713f6143766d652b8c6fe39981e603fcc2854d9cb71d574c1a
invchain/INV-057_RUN_HANDOFF.md,3576,ccf6fb7ae7f4d3ccd80bf3c17c22c24197d77ae991ac294a723289d9f0447136
invchain/INV-059_RUN_HANDOFF.md,1816,845d2d2e14d0113d4fea5dc6a9b3d7cf601684ba7e19e8e6ecf9d54f2a4058c7
invchain/INV-061_RUN_HANDOFF.md,3369,813cd846510520e203eb8d8d7b6c11bc3038b2387dfaea7d6490839926cf26c0
invchain/INV-062_RUN_HANDOFF.md,3773,ff8c52095e6353afcab4db2c226362d72014307be52f53f4ca833117de358560
invchain/INV-063_RUN_HANDOFF.md,3905,e4aa5123897bac2249ef2ff417b37f82f850e7eaf55078057532aa4989007335
invchain/INV-064_RUN_HANDOFF.md,3758,b640f9d3db3bbbffc11ce25c641337a78cb86eb2990b564f19db6086edccf5af
invchain/INV-065_RUN_HANDOFF.md,3647,77e5c74246009f39c29e69e5e8fa89af9190431a8674708d6bf2d46ae6e510eb
invchain/INV-066_RUN_HANDOFF.md,3829,cb886e3c3e41a2ab8cd0190f47a6f2fecbeb47ddd9240fce20540447bc142d8f
invchain/INV-067_RUN_HANDOFF.md,3421,491e2462883df117ac08e8d27eba9f6b9c5315d51f37cf60bc711630da7af532
invchain/INV-068_RUN_HANDOFF.md,1856,b821cead980f92bb7af97e684e5a334db42fec6b51c3e80fc7b86db7645396ac
invchain/INV-068_SYNTHESIS.md,5422,94f8cb692c0bcd707cdb7a1569dbbae1038bdc3b62636507b57b1894374255f2
invchain/INV-068_SYNTHESIS_CARD.md,3250,924c0d23f92a939631e0f13f414707a089439288f1446059f5158c07b34ff47a
invchain/INV-068_SYNTHESIS_CERTIFICATION.json,1676,fc863550da6143b24d426501727a60a021f43585783695e1fe3c6dc5d270c3a9
invchain/INV-075_NARRATIVE_SOURCE.md,6340,70378e7ee09078c4635484f4f64f2cf21cbe463fac3b60fa094c6b32b823d8d1
invchain/INV-075_RUN_CARD.md,2326,ca92ec0f59033b4dc9eb259869e3f90323085ea86656133e9d6fb9b139665087
invchain/INV-075_RUN_HANDOFF.md,3132,064fd35d2b7328ed7c8e590decfaf7b095d40487c6f64dbc29525cf6906d0db6
invchain/INV-082_RUN_HANDOFF.md,2523,7aed8e1661ed1ab92911f9efdbdb881c2925551d92f1e3282bd39cbd7fcf10ee
invchain/INV-085_RUN_HANDOFF.md,2420,907c1e8bee0a4a740bdea31ea0e0fc9ec135297ea1547dc812d52fc1aed49273
invchain/INV-088_RUN_HANDOFF.md,2243,f7454458d2c9bf3f26032fecec240cb499af0203dd1c73c67061175c2a51d344
invchain/INV-095_RUN_HANDOFF.md,2380,e89d6323600a46b539400540553c6177436ab90d6e9555064da27dd008c143ca
invchain/INV-102_RUN_HANDOFF.md,2001,877e97439c837fa5c1160d5437f9767050aa62d454fe599fd369dec554fc1bdd
invchain/INV-103_RUN_HANDOFF.md,3606,b5bfb845e9f5ee571f577313a973c6bf15556ef64ebe63b5829d20f3c45f873f
invchain/INV-104_RUN_HANDOFF.md,1827,a33cdb2bab469cf82ebd27eca02b985d14c3b52778b26447ad99f1d7ae710d8f
invchain/INV-104_SYNTHESIS.md,4433,2c52d84aa40b9a63c7a42e4a706d209eb222dccc208d16b1ebc24bae15e8d36f
invchain/INV-104_SYNTHESIS_CARD.md,3032,ec833d1da529ff38f3402a9b81854cb63bc3258842797068fe5a36226f003df6
invchain/INV-104_SYNTHESIS_CERTIFICATION.json,966,bf00d67521cf9b4f4c35848f7e64ebbed8ec4f9e18640aad7eabdc0f362ed357
invchain/INV-111_CENTRAL_DELTA.md,727,b172adbd70342a2f727fc2bc97fd737c929562fd68ba5503ac67f069b69b1b66
invchain/INV-111_NARRATIVE_SOURCE.md,5194,60d5e67df1d7ba02ab79b3c57f5da3dc89a802a7d7d75691061d0d5dc3ed7409
invchain/INV-111_RUN_CARD.md,2580,9a5f5b38462384e5eb9837f36b257166c2a2a013b2af10977cc5870000649d60
invchain/INV-111_RUN_HANDOFF.md,2859,6926d8a7bcb0b0bf7a9e9cb0e3d5fddc9398118c98b949d58cd7b9f47fff8f7a
invchain/INV-112_NARRATIVE_SOURCE.md,6156,3366ca6d64f20faf9c45a757f716aa9b205c9664a4c07d62c6eb020cf60ffb5b
invchain/INV-112_RUN_CARD.md,2551,3e95b685bfb872649d79d11cd692b71544d5a55be72bfab37e71ae04bbc16881
invchain/INV-112_RUN_HANDOFF.md,3030,3e8783729ce6d1e63330a509cdf26043a1efcfe5110e2628085218e6a1190e3e
invchain/INV-120_CENTRAL_DELTA.md,788,7623af84c925832422eb67b006f6330fc3a0e9c447ffa4dbbcb68d33d671eea8
invchain/INV-120_NARRATIVE_SOURCE.md,3644,aeb8243a0fdb8d850d98ebc8335bc66f75e0620bc3ce5db4893fdf39409342c4
invchain/INV-120_RUN_CARD.md,2607,de7edb674283f26c4a8010e0b44a482bb763f32de73275910fc028d810de6bb8
invchain/INV-120_RUN_HANDOFF.md,3335,cbf2277dd041b749c75d2f3d5425d561ef73f19db3ae1f31f08603abaa509b60
invchain/INV-121_CENTRAL_DELTA.md,761,7c64f22ae71f0862309259be3d9152f6079c6c05f1e984294df03ecd041cdc94
invchain/INV-121_NARRATIVE_SOURCE.md,3395,c98facd261058f56b8526c5257384f62dd18836dab2a486eda9e6f883bbb925b
invchain/INV-121_RUN_CARD.md,2547,9e67ff9dfc33e4e83b59c682b24d7608d184e3e72fe7127dbeee289401e27df3
invchain/INV-121_RUN_HANDOFF.md,3077,7637fed954f2368f4d929d866c4ab46741e5f79ab5c1b91f0c2019130f6781d4
invchain/INV-122_CENTRAL_DELTA.md,589,3855bf3f0de085e10ec0156acef680eb84a072901e3a70e7cece0c7bccca3ee3
invchain/INV-122_CERTIFICATION.json,597,e92461595224b0fb2ae92515f03084a9427a1a13ecd3e793c8e6052be40c7d0b
invchain/INV-122_NARRATIVE_SOURCE.md,4941,d59f2049c06ad14f49dd2228e18b50b79d47ecc72ae63e5a36015cb487d34fd9
invchain/INV-122_RUN_CARD.md,2678,7c7661e7458e6601630eaf08d9b0bd2e69275af4015615698916ceb592162917
invchain/INV-122_RUN_HANDOFF.md,3016,6a087d28dfa41f6466bca744740ccb43a336630e93fa132bf767f89fb7b21468
invchain/INV-129_RUN_HANDOFF.example.md,1828,6bfa2b21689ae3483b128bcc797f0e27c1bd4f9b4a8762c9b53cbdf906d57835
invchain/INV-129_RUN_HANDOFF.md,1828,6bfa2b21689ae3483b128bcc797f0e27c1bd4f9b4a8762c9b53cbdf906d57835
invchain/INV-130_RUN_HANDOFF.md,5034,3c8bff38c670b740e936bb8fe8813ca69160f2ce6c0f9330dc8245e838ec9b80
invchain/INV-131_RUN_HANDOFF.md,4924,cb41fa76b99a2e8a0b743c02a5600112b07079b3ea78bf151e34a6dad1aa0b62
invchain/INV-133_RUN_HANDOFF.md,2548,cae23632efed1c4fd32be2026b69767812a11c666d470676e06c385e993ecea5
invchain/INV-133_SYNTHESIS.md,13195,548453768fca7f36828d2415fb51cd13492e25906a715f8ade2b81f0a7545ed3
invchain/INV-133_SYNTHESIS_CARD.md,3440,26800175d79c5d67765a63b68037e6c29f2de046749374e133f829300a320e4f
invchain/INV-133_SYNTHESIS_CERTIFICATION.json,2716,81af4e35c530d4d78156345763823a9f5b222807ab96247cb62d4da4cd46b6f1
invchain/INV-144_RUN_HANDOFF.md,1606,6c1e8e83c1a8962ac7a54f7f9f7c45bf7ccf54adf146a7e418d338f10ec78c41
invchain/INV-144_SYNTHESIS.md,10094,61bae983b3aa9d09aded345166d9a1edced884fe4a2c379468c916f8af01c9f0
invchain/INV-146_RUN_HANDOFF.example.md,3425,fa9d75722e36f42fe74febe2f06f0f7144143a601fb45873115230f9ff6d4889
invchain/INV-146_RUN_HANDOFF.md,3425,fa9d75722e36f42fe74febe2f06f0f7144143a601fb45873115230f9ff6d4889
invchain/INV-147_CERTIFICATION.json,591,691bfa196db7189d13d4225471d03b41c764678f848e55e223d0c80ff042affe
invchain/INV-147_DELIVERY_GATE.json,590,153bcd27084eda824964d0d29ad739da9966c839043d86f0829aaca6fcdcc0d4
invchain/INV-147_PRE_GATE.json,585,7ab9c14e7ef21089f2808bc14cd0d1d6d41bff55e9edfd668f75713ddca6f709
invchain/INV-147_RUN_STATE.json,54075,6ecab0a8377a702d1fbebc6f811ead443b68637f43bd9885c858b910cab677e2
invchain/INVESTIGATION_ORCHESTRATOR.md,10160,2fe58f0ddfe8552576736520218a9fe7fd77cd39960a4172a3b74ba48366bb14
invchain/INVESTIGATION_REGISTRY.csv,192299,165a29d3748c625c263fb16c433fcf2cdd8202db5edcfc31f8de6cb92cf2fb89
invchain/INVESTIGATION_REGISTRY.pre_dependency_review_052_104.csv,192037,be54feaf34ee96206210aebd05c4587e7ecb0616289ebcf6d043e701b8a9b2ab
invchain/INVESTIGATION_REGISTRY.pre_inv015_launch.csv,192408,ae5417c04a99c9a03fcffbb48ce525c0317e06551d9f5fbe8492732970389bb2
invchain/INVESTIGATION_REGISTRY.pre_inv016_launch.csv,191652,037aa5ee141a1fec3a825aee86d544f1639977cd027c964ae4378d57783b415a
invchain/INVESTIGATION_REGISTRY.pre_inv038_select.csv,191969,8bcfea97750b2e37f650099094a825515c9b3f9fd33440740757ca1c51e6645e
invchain/INVESTIGATION_REGISTRY.pre_inv040_close.csv,191887,a8445e15abd58ae9438aff24497b394c37d5753edda753e571b35f1c48cf6244
invchain/INVESTIGATION_REGISTRY.pre_inv046_launch.csv,192782,299bd19afa3e336d4b955d60e1a5d5c599905d686d52b62dccd9013d4452fe9d
invchain/INVESTIGATION_REGISTRY.pre_inv051_launch.csv,192571,ef401b7ffb3d4a09ecaa1a15585ebe6ff7dc0d56f9eb51b6040d4dbba42b78d3
invchain/INVESTIGATION_REGISTRY.pre_inv053_launch.csv,191896,0ffe14cc8cbfe927ebfcbad4034c1681e1732e0a73aea81a3a021d6199813649
invchain/INVESTIGATION_REGISTRY.pre_inv075_launch.csv,192319,2b19059dc679ec3ecc53388a1f72b8ccd03b1f7874ddb63841fc8abe3488b34b
invchain/INVESTIGATION_REGISTRY.pre_inv111_launch.csv,191982,1786609cdc409b7c1f97513d4f66440c1aac720bed086613c15448ae9b0d23a2
invchain/INVESTIGATION_REGISTRY.pre_inv112_launch.csv,192494,fa8fcb77438b4d7f766bab1c5ab55b314400211854807d8948b2c074bbae7e7c
invchain/INVESTIGATION_REGISTRY.pre_inv120_launch.csv,192157,0bceb21f429043242b105cda8080845e345c749993f4b7289dca91b4cffdd4e2
invchain/INVESTIGATION_REGISTRY.pre_inv121_launch.csv,192084,31fbb09f8b73525d3b0ce45ec9af206ad8d0b7a8a45f70ec19858da21e11533e
invchain/INVESTIGATION_REGISTRY.pre_inv122_launch.csv,192235,f71b960cb7476c3dfca06a9df826de088938b1c7c4f356ef1b400ab37a3d1007
invchain/INVESTIGATION_REGISTRY.pre_inv133_close.csv,192202,d684e7cd86572c6785a052828729216a0a6d87928345ea5f294a2643acb7e33c
invchain/INVESTIGATION_REGISTRY.pre_sync_INV051.csv,192649,1a0df45e8af12986e5bb032dda9ec2bb3aa927589a11f2d6c5bca1a1d6597a87
invchain/METHOD_PACK.md,10418,845ce64c23f1ad4184dc1cb016b90bf694f56dc65df16d36d26085d07201439d
invchain/PROGRAM_COMPLETION_2026-09-11.md,3175,2a8bb3d37165c959f734a1ef9a0be4837ba1ad42c4642ddd5e04f51b46b76645
invchain/RECLASSIFICATION_2026-09-10_POST_INV046_CORE_MISSION_V2_DELTA_R1.md,1403,f10b40592929007300da6e8783cb6e52f758862bcfeee82f3e45d25fb0e0cecf
invchain/RECLASSIFICATION_2026-09-10_POST_INV131_CORE_MISSION_V2_DELTA_R1.md,2059,11743bb6b0d1069ab2a49ae901b97d7efa3e5d08fdcfd0222ef19a0dc85bf7f6
invchain/RECLASSIFICATION_2026-09-10_POST_INV131_CORE_MISSION_V2_FULLPOOL_R1.md,8651,bfecc214dd53024a5baa592f4d00cd30d0eab8d5af9ef06069331bb21ff7fd48
invchain/RECLASSIFICATION_2026-09-10_POST_INV132_CORE_MISSION_V2_DELTA_R1.md,2160,424245d8aaef6a9885af296dd79e4e5883ef86400ee586dd244d5301ddc9232b
invchain/RECLASSIFICATION_2026-09-10_POST_INV147_CORE_MISSION_V2_DELTA_R1.md,7465,bd1dbdea069f9779cc874c5223f2e0d366eaf7c0c40c1836b55ed56cd6840eff
invchain/RECLASSIFICATION_2026-09-11_POST_DEPENDENCY_REVIEW_SYNTHESIS_SELECTION_INV052_R1.md,740,4c02d280c25059d8f065d029ea026536c96946c8097c5f91cab5c5d687bba2e8
invchain/RECLASSIFICATION_2026-09-11_POST_INV015_CORE_MISSION_V2_DELTA_R1.md,1403,9e8217d25ed15d8f2cd64dc403757e786797ff895712f7499b5123cf69bd63f1
invchain/RECLASSIFICATION_2026-09-11_POST_INV016_PRIMARY_EXHAUSTED_SYNTHESIS_R1.md,1962,9405be572be109ffe6d85c683330f9cfd76117cc8a020b483b4acafa9d625b95
invchain/RECLASSIFICATION_2026-09-11_POST_INV029_CORE_MISSION_V2_DELTA_R1.md,1403,9fb0d94d0cad722b0f18d75a6b85d5cd06414e74a43944e9d112506553f1145f
invchain/RECLASSIFICATION_2026-09-11_POST_INV037_CORE_MISSION_V2_DELTA_R1.md,1403,1c9d48e4e35c64609c9fbebe47e99c92b528e35fe7c7747b24a6596a375359fb
invchain/RECLASSIFICATION_2026-09-11_POST_INV038_SYNTHESIS_SELECTION_R1.md,901,67a01751338866d96c8934e8c43ca6cc55a107792e5d608f931c784d55ceab6b
invchain/RECLASSIFICATION_2026-09-11_POST_INV040_SYNTHESIS_SELECTION_R1.md,0,e3b0c44298fc1c149afbf4c8996fb92427ae41e4649b934ca495991b7852b855
invchain/RECLASSIFICATION_2026-09-11_POST_INV051_CORE_MISSION_V2_DELTA_R1.md,1403,8eb70a0e77c5245f6282e5d3ec829b0ad52b388838bbd4d34f12a9f06dd0acbd
invchain/RECLASSIFICATION_2026-09-11_POST_INV052_SYNTHESIS_SELECTION_INV104_R1.md,759,f522830b8e49dabff1d656bf2b52e7fcdf6c50caef35297e5549e2958493fc77
invchain/RECLASSIFICATION_2026-09-11_POST_INV053_CORE_MISSION_V2_DELTA_R1.md,1398,b639c5dc444acd391923dd4a70324ec2be56eefff0d07d41a17da11f0ab817a5
invchain/RECLASSIFICATION_2026-09-11_POST_INV075_CORE_MISSION_V2_DELTA_R1.md,1403,140a19e5f0601f5d532a423fcbd78ad0b492082962c5c270180ddebc7f504eff
invchain/RECLASSIFICATION_2026-09-11_POST_INV111_CORE_MISSION_V2_DELTA_R1.md,1403,17e96965a0a8fa568daeec0dfb782cdfb5b64bc83ea56ca063541101deb0f861
invchain/RECLASSIFICATION_2026-09-11_POST_INV112_CORE_MISSION_V2_DELTA_R1.md,1403,5780465c39b79f300909431be889c792aecbce2feafcb886248b54eeb667109c
invchain/RECLASSIFICATION_2026-09-11_POST_INV120_CORE_MISSION_V2_DELTA_R1.md,1403,dfef42828af368bb611b638af4ae8b1e5bb144bba2ed768b735d91dd6018a5d1
invchain/RECLASSIFICATION_2026-09-11_POST_INV121_CORE_MISSION_V2_DELTA_R1.md,1403,755a55435238661c78bd48771667ad4a6cd2aaca59c9c4b73b98e2437a9f2706
invchain/RECLASSIFICATION_2026-09-11_POST_INV122_CORE_MISSION_V2_DELTA_R1.md,1403,d0ce5391e5dbc0532939ca390477d9a19e635f295a24ef150ba42d221d84dacb
invchain/RECLASSIFICATION_2026-09-11_PRE_INV053_RECOVERY_FULLPOOL_R1.md,3497,b399022546cda4132e7b4bc18f841c606ef033b4b2ef6f00fa179cb0fd164ccb
invchain/RECLASSIFICATION_2026-09-11_TERMINAL_SYNTHESIS_SELECTION_INV133_R1.md,785,19cebb2272dce1fc1e922f12ac74cfb4e6934eab3de487856e15e042daa9611c
invchain/TRACELOG.md,119842,3724b81be595fce24ecf555304c8d3fd87baf7a7185cba2dd710010006f782d9
invchain/TRACELOG.pre_sync_INV051.md,113002,59f301e622b02c5a311c65b3f61723724307a863a3234dcd48e03f504c51abbd
invchain/TRUTH_ENGINE_2.10.6_R3P1_CANONICAL(1).zip,218204,d113e3bd1848805bc3dbf1485eb1107a5767ebe74efd0cf27b601e01db278d30
invchain/_HISTORICAL_REFERENCES/ANALYTIC_POINT_2026-09-07.md,8513,7db61e2e27f9635e5a6a32fd1376fd12b059bb42d1b53e3bb485e292e4f4138b
invchain/_HISTORICAL_REFERENCES/CLOSED_INVESTIGATIONS_INDEX_2026-09-07.csv,7093,f50501e0ccc54774b57b36d60a07e6828efb14012ec2ca9029e74232fd4af933
invchain/_HISTORICAL_REFERENCES/CONTROL_PLANE_AUDIT_2026-09-07.md,3559,06fa1ef8a91cd5fdc72dc9bbb0acc8bfb7289b6ae1e5a648d509aca4010dc135
invchain/_HISTORICAL_REFERENCES/PROGRAM_SNAPSHOT_2026-09-07.json,3253,54071fdd16c244a40e1684c375da4a7975ea6eae1b415bdb66b77cf7790507fb
invchain/__pycache__/control.cpython-313.pyc,71357,6f49dd48773b7223fd23d6b4aefbd9009314cefba47254d0e660f6e9309bdc77
invchain/build_inv016.py,30103,85f198cb7b62efb6d0caabf64e019a2d4341aad59b0d0663a6d2a69df0b239bc
invchain/build_inv053_recovery.py,29275,223cfdfa75fffe46a83550536f73cd267cc43b72356122961cf8b467eccae046
invchain/control.py,47450,bbc09cd04812baedd3c542adf5378d38ae3401fe03c46126574e0d8e7cd48c2d
invchain/post_run.py,15281,2aa15c8450216976a7a3a1c6bde629eb2a027344b0003f71f937afbdbe9f9085
invchain/runtime_batch.py,14761,87bf08a5fabe5bfd68ddf4180585d8bddb4e6a608c16f629b614f0ebb1f5c0a6
invchain/te/truth-engine-v2_2.10.6-R3P1_CANONICAL/investigations/2026-09/2026-09-10_chat-control-eudi/2026-09-10_23-10_chat-control-eudi_CERTIFICATION.json,579,2e6147776acd2571311658a7e5edad45dab0597164435b3830ee86f03ce82eaa
invchain/te016/truth-engine-v2_2.10.6-R3P1_CANONICAL/.gitignore,79,55d40310f620ea2b99b41ac7834b74d0627d99d79c2de97b1c62e6ffcc468d1a
invchain/te016/truth-engine-v2_2.10.6-R3P1_CANONICAL/.pytest_cache/.gitignore,37,3ed731b65d06150c138e2dadb0be0697550888a6b47eb8c45ecc9adba8b8e9bd
invchain/te016/truth-engine-v2_2.10.6-R3P1_CANONICAL/.pytest_cache/CACHEDIR.TAG,191,37dc88ef9a0abeddbe81053a6dd8fdfb13afb613045ea1eb4a5c815a74a3bde4
invchain/te016/truth-engine-v2_2.10.6-R3P1_CANONICAL/.pytest_cache/README.md,302,73fd6fccdd802c419a6b2d983d6c3173b7da97558ac4b589edec2dfe443db9ad
invchain/te016/truth-engine-v2_2.10.6-R3P1_CANONICAL/.pytest_cache/v/cache/nodeids,11831,02de5ee357e5e8d217b93f71e059413bd41192c123633b28a300c3261582b49b
invchain/te016/truth-engine-v2_2.10.6-R3P1_CANONICAL/.verify/config.example.json,728,fc4ee1aa9b3b41ed831bd8622ffd6b78f0ffa742789d17c33396f48e8f456f4a
invchain/te016/truth-engine-v2_2.10.6-R3P1_CANONICAL/.verify/config.json,2407,aa038bb5e9a6aa06d7cd2b6e3afa0c2dadedb3e6c4a694d5ba097fa163de10f6
invchain/te016/truth-engine-v2_2.10.6-R3P1_CANONICAL/.verify/pending.json,483,cfe15b3b3340b23a228cf47a5539006981c82ee3ae3aad33bf7a9aa1790e48f7
invchain/te016/truth-engine-v2_2.10.6-R3P1_CANONICAL/.verify/result.json,588,12887143af8540d2ca10a113480061306fc8cf552dd49a515717bec8a321ca22
invchain/te016/truth-engine-v2_2.10.6-R3P1_CANONICAL/ARCHITECTURE.md,39996,4a0ec19e1b1f2fc0033d47041c90b697308864fc3e7b997408251602893a5ad0
invchain/te016/truth-engine-v2_2.10.6-R3P1_CANONICAL/KERNEL.md,69458,0d78b5d2db873d6bb9984867c3a4b1095b46400db2145487a763680b43e88974
invchain/te016/truth-engine-v2_2.10.6-R3P1_CANONICAL/MANIFEST_SHA256.csv,6027,7d1abac115c7ab3425ceec7c7cfb1a21efd6c11f4b71fc25f820e60eae6fa54f
invchain/te016/truth-engine-v2_2.10.6-R3P1_CANONICAL/PACKAGE_R2A2P1.md,802,912ba6863d5d7ecce179ba13cc3bd9d3a66ead1c685d5dc856a65edbb5d6ae2d
invchain/te016/truth-engine-v2_2.10.6-R3P1_CANONICAL/PACKAGE_R3P0.md,2728,68e21ba60958c31930f60475e11a745c674b89b1552c9d7e051d85be9ec398d4
invchain/te016/truth-engine-v2_2.10.6-R3P1_CANONICAL/PACKAGE_R3P1.md,1820,4c60e53ed742a2210de2b036571bcefd9a55e6bce0fb6bec86b3348982d93f77
invchain/te016/truth-engine-v2_2.10.6-R3P1_CANONICAL/PATCH_R2A2_MNEMO_DEGRADED.md,2101,b0fbf5370123f3832a42d7177a1e5c66b8b0b3aebaa94e8f633b01d6591b26c9
invchain/te016/truth-engine-v2_2.10.6-R3P1_CANONICAL/PATH_AUDIT.csv,5913,156aacdc65fa4f5fb3180e465ac548ce47241350e2db1fda19e96e1158205efc
invchain/te016/truth-engine-v2_2.10.6-R3P1_CANONICAL/PATH_AUDIT.md,728,00086cfab707ba07c052bdbdb13122f62417c24cccae3156e99c9be13ab983dc
invchain/te016/truth-engine-v2_2.10.6-R3P1_CANONICAL/clusters/BIO.md,1868,73cbb1d3998e52a1eedb79ab29a0825aac87981b26fb7f4632e7823dbaaaf951
invchain/te016/truth-engine-v2_2.10.6-R3P1_CANONICAL/clusters/CONFIRMATION.md,1606,5dea3f0d1d4994a1e45f5409beab451da6cbd69d9d53fee0ee65769e856251aa
invchain/te016/truth-engine-v2_2.10.6-R3P1_CANONICAL/clusters/FRAGMENTATION.md,1587,92128543a24b348bfe21a2c98f66ebbb446f67b3a7c6135ee37bf789bc3b62ae
invchain/te016/truth-engine-v2_2.10.6-R3P1_CANONICAL/clusters/FRAMING.md,1479,2171e88d7538d7a5b7c3be4ace16f2d8d58ce023ffb2da1f407329acb6a81740
invchain/te016/truth-engine-v2_2.10.6-R3P1_CANONICAL/clusters/GASLIGHTING.md,1446,92ca318eb8655a7a89c63e8605284885c9d15f318af8728af4022f6ecf0693d1
invchain/te016/truth-engine-v2_2.10.6-R3P1_CANONICAL/clusters/ICEBERG.md,1500,62fd494f86f1ed7fa0802281ae322d016e79a90f7f18c2760dfb52d1e7661d6f
invchain/te016/truth-engine-v2_2.10.6-R3P1_CANONICAL/clusters/INVERSION.md,1474,03889f6f2bff71de10995f558d309ce30086a43863782e1c8dfdc0d6810f1623
invchain/te016/truth-engine-v2_2.10.6-R3P1_CANONICAL/clusters/MONEY.md,1582,0d3c1dfb7d0e102a4e80d3e399d47e4f78edf98d91467846625bd103f55ec013
invchain/te016/truth-engine-v2_2.10.6-R3P1_CANONICAL/clusters/NETWORK.md,1503,65c595bfcf13d32c6d092c842ed07e94a0b050ce5762a234db7f8bf651161632
invchain/te016/truth-engine-v2_2.10.6-R3P1_CANONICAL/clusters/OVERLOAD.md,1534,ba85ecbf6073f950d20858fbc99a6b234bc13f87fb6d8ca4f7067c0f035c77d7
invchain/te016/truth-engine-v2_2.10.6-R3P1_CANONICAL/clusters/POWER.md,1500,a135aedde16635bc5243d497ed9312515dd5c55f66b36631c8e1577ab1a507ee
invchain/te016/truth-engine-v2_2.10.6-R3P1_CANONICAL/clusters/RESISTANCE.md,1463,2de3b9f2ae175372205f4b9267fad30e993f78db225c5cb0411a9f962aec1efa
invchain/te016/truth-engine-v2_2.10.6-R3P1_CANONICAL/clusters/SPECTACLE.md,1464,e72de7e54916bdc234b72415e43f2ea0891ec7e97b027e2a7a8539aa90753ebd
invchain/te016/truth-engine-v2_2.10.6-R3P1_CANONICAL/clusters/TEMPORAL.md,1501,8afbd521a57bd79bc56bfc9f3256197ea11aa5d3c63f371bda0809436b1dc082
invchain/te016/truth-engine-v2_2.10.6-R3P1_CANONICAL/clusters/WAR.md,1641,de5a38b51ced8778e121b7ea3b79da72f0cc939f4bd17ddacf0dd974d68b1145
invchain/te016/truth-engine-v2_2.10.6-R3P1_CANONICAL/clusters/_INDEX.md,1186,d1007c8f3d778cc2e4334288c8378af728b05c713e5e21588b2c97cf0ea08ca6
invchain/te016/truth-engine-v2_2.10.6-R3P1_CANONICAL/clusters/_TEMPLATE.md,945,5b989a544ef3029e554f7bb3572685979300faa3bce7689af2f9a3975b335f50
invchain/te016/truth-engine-v2_2.10.6-R3P1_CANONICAL/definitions/PATTERNS.md,6400,d30e591fa4df876492cee0c73c1ce9cbb604f29e1d56bac7c7c5538459497696
invchain/te016/truth-engine-v2_2.10.6-R3P1_CANONICAL/definitions/SYMBOLS.md,7458,fc02712ed0d550c8659f2c41493222ec2604bd84a78d18180149c4ca60a1b553
invchain/te016/truth-engine-v2_2.10.6-R3P1_CANONICAL/definitions/THREATS.md,5534,51f860ebc743dc6a8a4ad958d9a1d4aa57d2dfc39bd7a894ba9bc9f7b5d73124
invchain/te016/truth-engine-v2_2.10.6-R3P1_CANONICAL/forensic/GATES.md,12808,f97b090c26f79b93eeecb291e37f8887d935df5ffaa36d8d6da502fa75f6da6d
invchain/te016/truth-engine-v2_2.10.6-R3P1_CANONICAL/forensic/REASONING.md,1874,cb6e83dc74b9a6a311fdd8b73d78e87146c7791ab92179ebf455c2f0f2c89bde
invchain/te016/truth-engine-v2_2.10.6-R3P1_CANONICAL/forensic/REQUEST_LOG.md,5102,bae510e5fc18acd635a4c9b8cbef65d2015e14c0122fcc265728216fa94dbdd4
invchain/te016/truth-engine-v2_2.10.6-R3P1_CANONICAL/investigations/2026-09/2026-09-11_arab-spring-mechanisms/2026-09-11_10-42_arab-spring-mechanisms_CERTIFICATION.json,589,daf62a9a319778c8a06a660c958eefba6e72bc6d6906af289b07a896e511ad01
invchain/te016/truth-engine-v2_2.10.6-R3P1_CANONICAL/investigations/2026-09/2026-09-11_arab-spring-mechanisms/2026-09-11_10-42_arab-spring-mechanisms_INPUT.md,2307,99153e7421ef5b0db9cd8df2a790d7a49b454304bc1a07dc491b96a1a168fbde
invchain/te016/truth-engine-v2_2.10.6-R3P1_CANONICAL/investigations/2026-09/2026-09-11_arab-spring-mechanisms/2026-09-11_10-42_arab-spring-mechanisms_INVESTIGATION.md,44483,323d0a35b2479b8409c6dea1fcb5527bbf16584719264c178512e5a6ffe943e1
invchain/te016/truth-engine-v2_2.10.6-R3P1_CANONICAL/investigations/2026-09/2026-09-11_arab-spring-mechanisms/2026-09-11_10-42_arab-spring-mechanisms_MNEMO_SNAPSHOT.json,7421,956680c1ba8bbd559b298b47b2fc82f94ff856136944c3e926eb43d05af291c3
invchain/te016/truth-engine-v2_2.10.6-R3P1_CANONICAL/investigations/2026-09/2026-09-11_arab-spring-mechanisms/2026-09-11_10-42_arab-spring-mechanisms_NARRATIVE.tmp.md,5631,6dabeeeb2a1c9a456058797ef3b0830e40482658c968e5b5af1802c6defd759b
invchain/te016/truth-engine-v2_2.10.6-R3P1_CANONICAL/investigations/2026-09/2026-09-11_arab-spring-mechanisms/2026-09-11_10-42_arab-spring-mechanisms_RUN_STATE.json,39675,8cde4137a64ab1969d2fa99a4abf7089bee95433cfad8c5a775ef5d168ef8608
invchain/te016/truth-engine-v2_2.10.6-R3P1_CANONICAL/output/TEMPLATE.md,5857,eb504ed558d7638b8f599fc6990c6d74783ca81ae1d8016a15d70b8273c31f05
invchain/te016/truth-engine-v2_2.10.6-R3P1_CANONICAL/protocol/FACT_VERIFICATION.md,29011,93cb1354c1771e1cc7f9e28600c8053ffedd1c916cc83978b948724b5f5a0219
invchain/te016/truth-engine-v2_2.10.6-R3P1_CANONICAL/protocol/INVESTIGATION.md,19705,2418fb593a78048830f2900e04828ce3d7e26aef996bcdddd2199f61a026c208
invchain/te016/truth-engine-v2_2.10.6-R3P1_CANONICAL/protocol/PERSO_FRESQUE.md,2807,2fe3404f9758b46de27f1d6700c290a9080ee7c5b0410e9e81b27fbf9b6a5b9f
invchain/te016/truth-engine-v2_2.10.6-R3P1_CANONICAL/protocol/UPDATE.md,3987,b36af2c16ec0eba93f66546b05f2f76c4440f3c6cedf74bd716d71c90015c936
invchain/te016/truth-engine-v2_2.10.6-R3P1_CANONICAL/search/EPISTEMIC.md,6991,482558f2ea834418625647b92659ef1773ffc71bc09bdce2f5f3bab91791ae00
invchain/te016/truth-engine-v2_2.10.6-R3P1_CANONICAL/search/OPTIMIZATION.md,2271,56417643b0f5b49e43d4d2b3e8777801bc78580cbe7abad236eb19d8e351e49c
invchain/te016/truth-engine-v2_2.10.6-R3P1_CANONICAL/search/TEMPLATES.md,6097,be5a178bf2772fd9202c100b44e4d6657a64b5fa90e34ceed90682e16f328172
invchain/te016/truth-engine-v2_2.10.6-R3P1_CANONICAL/tests/README.md,1242,434a0151079b7fe0375dbb2785c357b10fc53420c43f2dbb55f341a2eebe25bb
invchain/te016/truth-engine-v2_2.10.6-R3P1_CANONICAL/tests/__pycache__/test_verify_forensic_output.cpython-313-pytest-9.0.2.pyc,7507,74342ccf40619ea42b67e4aa607fbd76110bffab3eeac37902b52eaaba97e689
invchain/te016/truth-engine-v2_2.10.6-R3P1_CANONICAL/tests/__pycache__/test_verify_gate.cpython-313-pytest-9.0.2.pyc,26757,2eb59131574604dda44c88cc7d831dd955318141b5b2ff4d175f195f613f6829
invchain/te016/truth-engine-v2_2.10.6-R3P1_CANONICAL/tests/extractors/__init__.py,0,e3b0c44298fc1c149afbf4c8996fb92427ae41e4649b934ca495991b7852b855
invchain/te016/truth-engine-v2_2.10.6-R3P1_CANONICAL/tests/extractors/__pycache__/__init__.cpython-313.pyc,188,16803aa48ab2b85062acccccff75fbdf7792ab2919cd41e5e1a83c345a3210c2
invchain/te016/truth-engine-v2_2.10.6-R3P1_CANONICAL/tests/extractors/__pycache__/test_gates.cpython-313-pytest-9.0.2.pyc,21353,1e02240f8507fb3f8381189556fa1417675204c74bc13b45e6309cec67776641
invchain/te016/truth-engine-v2_2.10.6-R3P1_CANONICAL/tests/extractors/__pycache__/test_gates_hardening.cpython-313-pytest-9.0.2.pyc,30742,133c1d231d2f8600eca5592766bd7f57bdeb5bb95bb6c884dbca96825e8cd78e
invchain/te016/truth-engine-v2_2.10.6-R3P1_CANONICAL/tests/extractors/__pycache__/test_gates_json.cpython-313-pytest-9.0.2.pyc,23788,9171c387c2a1c2f4b0854998492083292cccb873f2533f62a2565eedf473f871
invchain/te016/truth-engine-v2_2.10.6-R3P1_CANONICAL/tests/extractors/__pycache__/test_head_check_hardening.cpython-313-pytest-9.0.2.pyc,28638,a374768393234fa84d9c47471f1c1627d2ef69adb76776967132b7e4adfd9373
invchain/te016/truth-engine-v2_2.10.6-R3P1_CANONICAL/tests/extractors/test_gates.py,6585,039c70da1cdebe91c267c24ae00f101534ec54983a3cae2cf48be609e3ffdf8c
invchain/te016/truth-engine-v2_2.10.6-R3P1_CANONICAL/tests/extractors/test_gates_hardening.py,9500,0c99c5eda1c2d197e833ebd0a4316479770115666c9d36a7390312863a5816fb
invchain/te016/truth-engine-v2_2.10.6-R3P1_CANONICAL/tests/extractors/test_gates_json.py,7800,bc38252541d36ef0e260c689f3326e831965fe7dec9bd5184e331d9c273d6cc6
invchain/te016/truth-engine-v2_2.10.6-R3P1_CANONICAL/tests/extractors/test_head_check_hardening.py,8758,9bd6832bcbb31711c4e0331b1db1fc91b27c7b26682a5ee0dab7d03050f0fbda
invchain/te016/truth-engine-v2_2.10.6-R3P1_CANONICAL/tests/runtime/__pycache__/test_forensic_output_contract.cpython-313-pytest-9.0.2.pyc,12842,5fa17d15e435ba29a7754169f493829dbb4bec7553129705066825b77f19f123
invchain/te016/truth-engine-v2_2.10.6-R3P1_CANONICAL/tests/runtime/__pycache__/test_mnemo_unavailable_delivery.cpython-313-pytest-9.0.2.pyc,15706,35f8c5c794757b62a3ebbf013145b5c72139bdfb1f3ff60c93890d97b51ed6f8
invchain/te016/truth-engine-v2_2.10.6-R3P1_CANONICAL/tests/runtime/test_forensic_output_contract.py,2376,3f645e4d4a933a772f4e908a5e8423a3a9d273c151cebccf20134eee4eb93d8f
invchain/te016/truth-engine-v2_2.10.6-R3P1_CANONICAL/tests/runtime/test_mnemo_unavailable_delivery.py,4607,7737d2f40dc84b1a397622306c3646a1094424b43521e41b45076dc2850935f9
invchain/te016/truth-engine-v2_2.10.6-R3P1_CANONICAL/tests/test_verify_forensic_output.py,1892,cf374634dc2fc697406f9ff4f96018e8a708c29e98371b4092d50e6a733f510f
invchain/te016/truth-engine-v2_2.10.6-R3P1_CANONICAL/tests/test_verify_gate.py,6095,6eaece9b9f3a5dc317f45d3da99bf462fe440f7c26def5f5a6ce5338e27c57ab
invchain/te016/truth-engine-v2_2.10.6-R3P1_CANONICAL/tools/DSL.md,2868,17a31bf06dac4b59a6aa09a080554d83684f87a4df365f30681c3226161ecb9c
invchain/te016/truth-engine-v2_2.10.6-R3P1_CANONICAL/tools/MACROS.md,3301,50cd3a4579fb2c82248a17129ebbde8e91f0dd6fbac10fbc34a344603f33ba7f
invchain/te016/truth-engine-v2_2.10.6-R3P1_CANONICAL/tools/__init__.py,0,e3b0c44298fc1c149afbf4c8996fb92427ae41e4649b934ca495991b7852b855
invchain/te016/truth-engine-v2_2.10.6-R3P1_CANONICAL/tools/__pycache__/__init__.cpython-313.pyc,177,982f269c3f91c0fbfe78f1c3fc8a15b93a659ee4c0bd7b8f50324a537833f4f6
invchain/te016/truth-engine-v2_2.10.6-R3P1_CANONICAL/tools/engines/__init__.py,0,e3b0c44298fc1c149afbf4c8996fb92427ae41e4649b934ca495991b7852b855
invchain/te016/truth-engine-v2_2.10.6-R3P1_CANONICAL/tools/engines/__pycache__/__init__.cpython-313.pyc,185,a8e21ae11bd35b98456868d10b42b3a51bb8a38f9e99e1647e4ea4baaadf44fd
invchain/te016/truth-engine-v2_2.10.6-R3P1_CANONICAL/tools/engines/sublimator/__init__.py,0,e3b0c44298fc1c149afbf4c8996fb92427ae41e4649b934ca495991b7852b855
invchain/te016/truth-engine-v2_2.10.6-R3P1_CANONICAL/tools/engines/sublimator/__pycache__/__init__.cpython-313.pyc,196,dc01813edc278a776e4545eedf42caf977a1b1900014f9d990960ac7da7cfe5d
invchain/te016/truth-engine-v2_2.10.6-R3P1_CANONICAL/tools/engines/sublimator/extractors/__init__.py,0,e3b0c44298fc1c149afbf4c8996fb92427ae41e4649b934ca495991b7852b855
invchain/te016/truth-engine-v2_2.10.6-R3P1_CANONICAL/tools/engines/sublimator/extractors/__pycache__/__init__.cpython-313.pyc,207,f12e983259a8e775f1ba337df90226ecd14625c8a122bab94f3d8947e865b9b5
invchain/te016/truth-engine-v2_2.10.6-R3P1_CANONICAL/tools/engines/sublimator/extractors/__pycache__/gates.cpython-313.pyc,6944,60c8392827ef27a7befdd7c34831c399e8af9119e6282b2cb8ca5bf9e9f1993d
invchain/te016/truth-engine-v2_2.10.6-R3P1_CANONICAL/tools/engines/sublimator/extractors/__pycache__/head_check.cpython-313.pyc,6582,81ffaf860d9c13a9c1b1591e9d5c8fe665d9257b55d1abe3736a26485481c8c0
invchain/te016/truth-engine-v2_2.10.6-R3P1_CANONICAL/tools/engines/sublimator/extractors/gates.py,5469,a55c74b8e5aebc5a1073e737bf95bff21fc0531f3db58eb4636089e19ee84fa8
invchain/te016/truth-engine-v2_2.10.6-R3P1_CANONICAL/tools/engines/sublimator/extractors/head_check.py,4892,57fc1b90093964d2689b83ba1fa393ad40f794d83a3ed06d322c7dd67dd8d38e
invchain/te016/truth-engine-v2_2.10.6-R3P1_CANONICAL/tools/runtime/README.md,7620,965c81acb3d3209809e2a42b2d9ec42415b28c980b9ac9c2e963ae4ea8ac3f5a
invchain/te016/truth-engine-v2_2.10.6-R3P1_CANONICAL/tools/runtime/__pycache__/run_state.cpython-313.pyc,187450,395f797a14c8401230cf9a4cea9f1bf67986336c2cbb33d485a2cf11593e2f18
invchain/te016/truth-engine-v2_2.10.6-R3P1_CANONICAL/tools/runtime/run_state.py,107428,81effd7bfef4ddcdacba1f9a4139cd856fae0eb7853518846f2381a49869d77e
invchain/te016/truth-engine-v2_2.10.6-R3P1_CANONICAL/tools/verify/__pycache__/verify.cpython-313.pyc,130955,41e2fe7d45e2388c0091c2a96814f13f533b8fff47f10df02c90de646df90e1b
invchain/te016/truth-engine-v2_2.10.6-R3P1_CANONICAL/tools/verify/verify.py,89673,2dd969529d7c15d5bb7c464a185c56c284575f65c76a71b2af2a495887e76018
invchain/te053/truth-engine-v2_2.10.6-R3P1_CANONICAL/.gitignore,79,55d40310f620ea2b99b41ac7834b74d0627d99d79c2de97b1c62e6ffcc468d1a
invchain/te053/truth-engine-v2_2.10.6-R3P1_CANONICAL/.pytest_cache/.gitignore,37,3ed731b65d06150c138e2dadb0be0697550888a6b47eb8c45ecc9adba8b8e9bd
invchain/te053/truth-engine-v2_2.10.6-R3P1_CANONICAL/.pytest_cache/CACHEDIR.TAG,191,37dc88ef9a0abeddbe81053a6dd8fdfb13afb613045ea1eb4a5c815a74a3bde4
invchain/te053/truth-engine-v2_2.10.6-R3P1_CANONICAL/.pytest_cache/README.md,302,73fd6fccdd802c419a6b2d983d6c3173b7da97558ac4b589edec2dfe443db9ad
invchain/te053/truth-engine-v2_2.10.6-R3P1_CANONICAL/.pytest_cache/v/cache/nodeids,11831,02de5ee357e5e8d217b93f71e059413bd41192c123633b28a300c3261582b49b
invchain/te053/truth-engine-v2_2.10.6-R3P1_CANONICAL/.verify/config.example.json,728,fc4ee1aa9b3b41ed831bd8622ffd6b78f0ffa742789d17c33396f48e8f456f4a
invchain/te053/truth-engine-v2_2.10.6-R3P1_CANONICAL/.verify/config.json,2407,aa038bb5e9a6aa06d7cd2b6e3afa0c2dadedb3e6c4a694d5ba097fa163de10f6
invchain/te053/truth-engine-v2_2.10.6-R3P1_CANONICAL/.verify/pending.json,481,aaa75bb2e371652ab29f9c32d54685a227ac939c5a6f9405e8f3a17ef1272eee
invchain/te053/truth-engine-v2_2.10.6-R3P1_CANONICAL/.verify/result.json,586,f331a9de7131bfaccc5d436ebdc5a7af8edc638983fe98bcc0cb9dc7fec179de
invchain/te053/truth-engine-v2_2.10.6-R3P1_CANONICAL/ARCHITECTURE.md,39996,4a0ec19e1b1f2fc0033d47041c90b697308864fc3e7b997408251602893a5ad0
invchain/te053/truth-engine-v2_2.10.6-R3P1_CANONICAL/KERNEL.md,69458,0d78b5d2db873d6bb9984867c3a4b1095b46400db2145487a763680b43e88974
invchain/te053/truth-engine-v2_2.10.6-R3P1_CANONICAL/MANIFEST_SHA256.csv,6027,7d1abac115c7ab3425ceec7c7cfb1a21efd6c11f4b71fc25f820e60eae6fa54f
invchain/te053/truth-engine-v2_2.10.6-R3P1_CANONICAL/PACKAGE_R2A2P1.md,802,912ba6863d5d7ecce179ba13cc3bd9d3a66ead1c685d5dc856a65edbb5d6ae2d
invchain/te053/truth-engine-v2_2.10.6-R3P1_CANONICAL/PACKAGE_R3P0.md,2728,68e21ba60958c31930f60475e11a745c674b89b1552c9d7e051d85be9ec398d4
invchain/te053/truth-engine-v2_2.10.6-R3P1_CANONICAL/PACKAGE_R3P1.md,1820,4c60e53ed742a2210de2b036571bcefd9a55e6bce0fb6bec86b3348982d93f77
invchain/te053/truth-engine-v2_2.10.6-R3P1_CANONICAL/PATCH_R2A2_MNEMO_DEGRADED.md,2101,b0fbf5370123f3832a42d7177a1e5c66b8b0b3aebaa94e8f633b01d6591b26c9
invchain/te053/truth-engine-v2_2.10.6-R3P1_CANONICAL/PATH_AUDIT.csv,5913,156aacdc65fa4f5fb3180e465ac548ce47241350e2db1fda19e96e1158205efc
invchain/te053/truth-engine-v2_2.10.6-R3P1_CANONICAL/PATH_AUDIT.md,728,00086cfab707ba07c052bdbdb13122f62417c24cccae3156e99c9be13ab983dc
invchain/te053/truth-engine-v2_2.10.6-R3P1_CANONICAL/clusters/BIO.md,1868,73cbb1d3998e52a1eedb79ab29a0825aac87981b26fb7f4632e7823dbaaaf951
invchain/te053/truth-engine-v2_2.10.6-R3P1_CANONICAL/clusters/CONFIRMATION.md,1606,5dea3f0d1d4994a1e45f5409beab451da6cbd69d9d53fee0ee65769e856251aa
invchain/te053/truth-engine-v2_2.10.6-R3P1_CANONICAL/clusters/FRAGMENTATION.md,1587,92128543a24b348bfe21a2c98f66ebbb446f67b3a7c6135ee37bf789bc3b62ae
invchain/te053/truth-engine-v2_2.10.6-R3P1_CANONICAL/clusters/FRAMING.md,1479,2171e88d7538d7a5b7c3be4ace16f2d8d58ce023ffb2da1f407329acb6a81740
invchain/te053/truth-engine-v2_2.10.6-R3P1_CANONICAL/clusters/GASLIGHTING.md,1446,92ca318eb8655a7a89c63e8605284885c9d15f318af8728af4022f6ecf0693d1
invchain/te053/truth-engine-v2_2.10.6-R3P1_CANONICAL/clusters/ICEBERG.md,1500,62fd494f86f1ed7fa0802281ae322d016e79a90f7f18c2760dfb52d1e7661d6f
invchain/te053/truth-engine-v2_2.10.6-R3P1_CANONICAL/clusters/INVERSION.md,1474,03889f6f2bff71de10995f558d309ce30086a43863782e1c8dfdc0d6810f1623
invchain/te053/truth-engine-v2_2.10.6-R3P1_CANONICAL/clusters/MONEY.md,1582,0d3c1dfb7d0e102a4e80d3e399d47e4f78edf98d91467846625bd103f55ec013
invchain/te053/truth-engine-v2_2.10.6-R3P1_CANONICAL/clusters/NETWORK.md,1503,65c595bfcf13d32c6d092c842ed07e94a0b050ce5762a234db7f8bf651161632
invchain/te053/truth-engine-v2_2.10.6-R3P1_CANONICAL/clusters/OVERLOAD.md,1534,ba85ecbf6073f950d20858fbc99a6b234bc13f87fb6d8ca4f7067c0f035c77d7
invchain/te053/truth-engine-v2_2.10.6-R3P1_CANONICAL/clusters/POWER.md,1500,a135aedde16635bc5243d497ed9312515dd5c55f66b36631c8e1577ab1a507ee
invchain/te053/truth-engine-v2_2.10.6-R3P1_CANONICAL/clusters/RESISTANCE.md,1463,2de3b9f2ae175372205f4b9267fad30e993f78db225c5cb0411a9f962aec1efa
invchain/te053/truth-engine-v2_2.10.6-R3P1_CANONICAL/clusters/SPECTACLE.md,1464,e72de7e54916bdc234b72415e43f2ea0891ec7e97b027e2a7a8539aa90753ebd
invchain/te053/truth-engine-v2_2.10.6-R3P1_CANONICAL/clusters/TEMPORAL.md,1501,8afbd521a57bd79bc56bfc9f3256197ea11aa5d3c63f371bda0809436b1dc082
invchain/te053/truth-engine-v2_2.10.6-R3P1_CANONICAL/clusters/WAR.md,1641,de5a38b51ced8778e121b7ea3b79da72f0cc939f4bd17ddacf0dd974d68b1145
invchain/te053/truth-engine-v2_2.10.6-R3P1_CANONICAL/clusters/_INDEX.md,1186,d1007c8f3d778cc2e4334288c8378af728b05c713e5e21588b2c97cf0ea08ca6
invchain/te053/truth-engine-v2_2.10.6-R3P1_CANONICAL/clusters/_TEMPLATE.md,945,5b989a544ef3029e554f7bb3572685979300faa3bce7689af2f9a3975b335f50
invchain/te053/truth-engine-v2_2.10.6-R3P1_CANONICAL/definitions/PATTERNS.md,6400,d30e591fa4df876492cee0c73c1ce9cbb604f29e1d56bac7c7c5538459497696
invchain/te053/truth-engine-v2_2.10.6-R3P1_CANONICAL/definitions/SYMBOLS.md,7458,fc02712ed0d550c8659f2c41493222ec2604bd84a78d18180149c4ca60a1b553
invchain/te053/truth-engine-v2_2.10.6-R3P1_CANONICAL/definitions/THREATS.md,5534,51f860ebc743dc6a8a4ad958d9a1d4aa57d2dfc39bd7a894ba9bc9f7b5d73124
invchain/te053/truth-engine-v2_2.10.6-R3P1_CANONICAL/forensic/GATES.md,12808,f97b090c26f79b93eeecb291e37f8887d935df5ffaa36d8d6da502fa75f6da6d
invchain/te053/truth-engine-v2_2.10.6-R3P1_CANONICAL/forensic/REASONING.md,1874,cb6e83dc74b9a6a311fdd8b73d78e87146c7791ab92179ebf455c2f0f2c89bde
invchain/te053/truth-engine-v2_2.10.6-R3P1_CANONICAL/forensic/REQUEST_LOG.md,5102,bae510e5fc18acd635a4c9b8cbef65d2015e14c0122fcc265728216fa94dbdd4
invchain/te053/truth-engine-v2_2.10.6-R3P1_CANONICAL/investigations/2026-09/2026-09-11_migration-ngo-funding/2026-09-11_10-27_migration-ngo-funding_CERTIFICATION.json,587,27e9e07c3dd939a5e88f546cef94275ed61b70876d9188cae8ef001cf4e83098
invchain/te053/truth-engine-v2_2.10.6-R3P1_CANONICAL/investigations/2026-09/2026-09-11_migration-ngo-funding/2026-09-11_10-27_migration-ngo-funding_INPUT.md,2248,0570dcf1fd973566d9711d574e8829dc408aabbba0512a6d9b34c3d646e6a50b
invchain/te053/truth-engine-v2_2.10.6-R3P1_CANONICAL/investigations/2026-09/2026-09-11_migration-ngo-funding/2026-09-11_10-27_migration-ngo-funding_INVESTIGATION.md,42820,354d2135419166a77df2faae2981f0641bbb25342ee1aa4fb4ea371dd47301a2
invchain/te053/truth-engine-v2_2.10.6-R3P1_CANONICAL/investigations/2026-09/2026-09-11_migration-ngo-funding/2026-09-11_10-27_migration-ngo-funding_MNEMO_SNAPSHOT.json,7488,baaa79d4513f4db87ac7e0de60d46ad67c8663857994b85cb85f9fd45cedac06
invchain/te053/truth-engine-v2_2.10.6-R3P1_CANONICAL/investigations/2026-09/2026-09-11_migration-ngo-funding/2026-09-11_10-27_migration-ngo-funding_NARRATIVE.tmp.md,5861,6f8782178beb6b9c62f2bd48296334e0da2108c9b06c08d1decf1cd421f90a11
invchain/te053/truth-engine-v2_2.10.6-R3P1_CANONICAL/investigations/2026-09/2026-09-11_migration-ngo-funding/2026-09-11_10-27_migration-ngo-funding_RUN_STATE.json,38153,023152dd6aac6e8d4e2d6f555370f86ea139b0d725829377279797717e2b4b42
invchain/te053/truth-engine-v2_2.10.6-R3P1_CANONICAL/investigations/2026-09/2026-09-11_migration-ngo-funding/_replay_backups/20260911T083158.819809Z/2026-09-11_10-27_migration-ngo-funding_INPUT.md,2248,0570dcf1fd973566d9711d574e8829dc408aabbba0512a6d9b34c3d646e6a50b
invchain/te053/truth-engine-v2_2.10.6-R3P1_CANONICAL/investigations/2026-09/2026-09-11_migration-ngo-funding/_replay_backups/20260911T083158.819809Z/2026-09-11_10-27_migration-ngo-funding_RUN_STATE.json,3929,01de65212754ade559b0fdcb46e9cdfd73db8cadbd152041693cb9da1ff56870
invchain/te053/truth-engine-v2_2.10.6-R3P1_CANONICAL/output/TEMPLATE.md,5857,eb504ed558d7638b8f599fc6990c6d74783ca81ae1d8016a15d70b8273c31f05
invchain/te053/truth-engine-v2_2.10.6-R3P1_CANONICAL/protocol/FACT_VERIFICATION.md,29011,93cb1354c1771e1cc7f9e28600c8053ffedd1c916cc83978b948724b5f5a0219
invchain/te053/truth-engine-v2_2.10.6-R3P1_CANONICAL/protocol/INVESTIGATION.md,19705,2418fb593a78048830f2900e04828ce3d7e26aef996bcdddd2199f61a026c208
invchain/te053/truth-engine-v2_2.10.6-R3P1_CANONICAL/protocol/PERSO_FRESQUE.md,2807,2fe3404f9758b46de27f1d6700c290a9080ee7c5b0410e9e81b27fbf9b6a5b9f
invchain/te053/truth-engine-v2_2.10.6-R3P1_CANONICAL/protocol/UPDATE.md,3987,b36af2c16ec0eba93f66546b05f2f76c4440f3c6cedf74bd716d71c90015c936
invchain/te053/truth-engine-v2_2.10.6-R3P1_CANONICAL/search/EPISTEMIC.md,6991,482558f2ea834418625647b92659ef1773ffc71bc09bdce2f5f3bab91791ae00
invchain/te053/truth-engine-v2_2.10.6-R3P1_CANONICAL/search/OPTIMIZATION.md,2271,56417643b0f5b49e43d4d2b3e8777801bc78580cbe7abad236eb19d8e351e49c
invchain/te053/truth-engine-v2_2.10.6-R3P1_CANONICAL/search/TEMPLATES.md,6097,be5a178bf2772fd9202c100b44e4d6657a64b5fa90e34ceed90682e16f328172
invchain/te053/truth-engine-v2_2.10.6-R3P1_CANONICAL/tests/README.md,1242,434a0151079b7fe0375dbb2785c357b10fc53420c43f2dbb55f341a2eebe25bb
invchain/te053/truth-engine-v2_2.10.6-R3P1_CANONICAL/tests/__pycache__/test_verify_forensic_output.cpython-313-pytest-9.0.2.pyc,7507,315fd16c4484e9a7d4d335a7920737aa8082dd4c4dac685a7fd48e212362f814
invchain/te053/truth-engine-v2_2.10.6-R3P1_CANONICAL/tests/__pycache__/test_verify_gate.cpython-313-pytest-9.0.2.pyc,26757,075c223ec794f20679068e77bd599ea0691549bdac85106a7fe71b93e6be4d6f
invchain/te053/truth-engine-v2_2.10.6-R3P1_CANONICAL/tests/extractors/__init__.py,0,e3b0c44298fc1c149afbf4c8996fb92427ae41e4649b934ca495991b7852b855
invchain/te053/truth-engine-v2_2.10.6-R3P1_CANONICAL/tests/extractors/__pycache__/__init__.cpython-313.pyc,188,f143e7a00818c851b37692c90d904ae664bed6d88b6ffd4156aad93f0600486c
invchain/te053/truth-engine-v2_2.10.6-R3P1_CANONICAL/tests/extractors/__pycache__/test_gates.cpython-313-pytest-9.0.2.pyc,21353,1ecddcbd1c599bf7ca7cac5d75f9b25a57737d94981ecb64cdf9ab94a8c2cad9
invchain/te053/truth-engine-v2_2.10.6-R3P1_CANONICAL/tests/extractors/__pycache__/test_gates_hardening.cpython-313-pytest-9.0.2.pyc,30742,c420e8283b29153dcb6ee1cc2798a5d493e6165acd2c20e9ba6ba470c48ac37a
invchain/te053/truth-engine-v2_2.10.6-R3P1_CANONICAL/tests/extractors/__pycache__/test_gates_json.cpython-313-pytest-9.0.2.pyc,23788,36d218a488a0d8cf3a1547370bdf0208c25131bd8a0585cf9e78ea38569d2b28
invchain/te053/truth-engine-v2_2.10.6-R3P1_CANONICAL/tests/extractors/__pycache__/test_head_check_hardening.cpython-313-pytest-9.0.2.pyc,28638,31b90cf65d0d28271d1b620aff108c083d0885cbbcfa59c00c707f985dac5615
invchain/te053/truth-engine-v2_2.10.6-R3P1_CANONICAL/tests/extractors/test_gates.py,6585,039c70da1cdebe91c267c24ae00f101534ec54983a3cae2cf48be609e3ffdf8c
invchain/te053/truth-engine-v2_2.10.6-R3P1_CANONICAL/tests/extractors/test_gates_hardening.py,9500,0c99c5eda1c2d197e833ebd0a4316479770115666c9d36a7390312863a5816fb
invchain/te053/truth-engine-v2_2.10.6-R3P1_CANONICAL/tests/extractors/test_gates_json.py,7800,bc38252541d36ef0e260c689f3326e831965fe7dec9bd5184e331d9c273d6cc6
invchain/te053/truth-engine-v2_2.10.6-R3P1_CANONICAL/tests/extractors/test_head_check_hardening.py,8758,9bd6832bcbb31711c4e0331b1db1fc91b27c7b26682a5ee0dab7d03050f0fbda
invchain/te053/truth-engine-v2_2.10.6-R3P1_CANONICAL/tests/runtime/__pycache__/test_forensic_output_contract.cpython-313-pytest-9.0.2.pyc,12842,ccd285058370c5db9d1e04327f1601a247af0356c8e6c031ec3eea14e29e1509
invchain/te053/truth-engine-v2_2.10.6-R3P1_CANONICAL/tests/runtime/__pycache__/test_mnemo_unavailable_delivery.cpython-313-pytest-9.0.2.pyc,15706,3c15426988f89d70c291ae2768c60b18a1b75887fa67a74a1d0e165a12ea1df2
invchain/te053/truth-engine-v2_2.10.6-R3P1_CANONICAL/tests/runtime/test_forensic_output_contract.py,2376,3f645e4d4a933a772f4e908a5e8423a3a9d273c151cebccf20134eee4eb93d8f
invchain/te053/truth-engine-v2_2.10.6-R3P1_CANONICAL/tests/runtime/test_mnemo_unavailable_delivery.py,4607,7737d2f40dc84b1a397622306c3646a1094424b43521e41b45076dc2850935f9
invchain/te053/truth-engine-v2_2.10.6-R3P1_CANONICAL/tests/test_verify_forensic_output.py,1892,cf374634dc2fc697406f9ff4f96018e8a708c29e98371b4092d50e6a733f510f
invchain/te053/truth-engine-v2_2.10.6-R3P1_CANONICAL/tests/test_verify_gate.py,6095,6eaece9b9f3a5dc317f45d3da99bf462fe440f7c26def5f5a6ce5338e27c57ab
invchain/te053/truth-engine-v2_2.10.6-R3P1_CANONICAL/tools/DSL.md,2868,17a31bf06dac4b59a6aa09a080554d83684f87a4df365f30681c3226161ecb9c
invchain/te053/truth-engine-v2_2.10.6-R3P1_CANONICAL/tools/MACROS.md,3301,50cd3a4579fb2c82248a17129ebbde8e91f0dd6fbac10fbc34a344603f33ba7f
invchain/te053/truth-engine-v2_2.10.6-R3P1_CANONICAL/tools/__init__.py,0,e3b0c44298fc1c149afbf4c8996fb92427ae41e4649b934ca495991b7852b855
invchain/te053/truth-engine-v2_2.10.6-R3P1_CANONICAL/tools/__pycache__/__init__.cpython-313.pyc,177,26423934b5cf114d689d3c459c5fb16c814fd6bc0de05d715fddb13bcecb78ed
invchain/te053/truth-engine-v2_2.10.6-R3P1_CANONICAL/tools/engines/__init__.py,0,e3b0c44298fc1c149afbf4c8996fb92427ae41e4649b934ca495991b7852b855
invchain/te053/truth-engine-v2_2.10.6-R3P1_CANONICAL/tools/engines/__pycache__/__init__.cpython-313.pyc,185,3f7440e4b6bcd55076ec88870a0af91c0d01596288f5532e33c92e1e5bc2ce7f
invchain/te053/truth-engine-v2_2.10.6-R3P1_CANONICAL/tools/engines/sublimator/__init__.py,0,e3b0c44298fc1c149afbf4c8996fb92427ae41e4649b934ca495991b7852b855
invchain/te053/truth-engine-v2_2.10.6-R3P1_CANONICAL/tools/engines/sublimator/__pycache__/__init__.cpython-313.pyc,196,78ab4f649694cd04c6fdd018ef85d22d1ed4ae5f0618c13933ea639139444d0a
invchain/te053/truth-engine-v2_2.10.6-R3P1_CANONICAL/tools/engines/sublimator/extractors/__init__.py,0,e3b0c44298fc1c149afbf4c8996fb92427ae41e4649b934ca495991b7852b855
invchain/te053/truth-engine-v2_2.10.6-R3P1_CANONICAL/tools/engines/sublimator/extractors/__pycache__/__init__.cpython-313.pyc,207,c6d0aec41eb94e19d9ad4a7f5a5e27a81028339a830e076be9f0ff5815918a83
invchain/te053/truth-engine-v2_2.10.6-R3P1_CANONICAL/tools/engines/sublimator/extractors/__pycache__/gates.cpython-313.pyc,6944,359c4d200e9d5cf8f07dd45677fa0afff40b7d489b43f5ee7d247a1c15563284
invchain/te053/truth-engine-v2_2.10.6-R3P1_CANONICAL/tools/engines/sublimator/extractors/__pycache__/head_check.cpython-313.pyc,6582,d000bbe522d5cf97a518cad675bf0ef664545298948118c16070bc53b52cb5ca
invchain/te053/truth-engine-v2_2.10.6-R3P1_CANONICAL/tools/engines/sublimator/extractors/gates.py,5469,a55c74b8e5aebc5a1073e737bf95bff21fc0531f3db58eb4636089e19ee84fa8
invchain/te053/truth-engine-v2_2.10.6-R3P1_CANONICAL/tools/engines/sublimator/extractors/head_check.py,4892,57fc1b90093964d2689b83ba1fa393ad40f794d83a3ed06d322c7dd67dd8d38e
invchain/te053/truth-engine-v2_2.10.6-R3P1_CANONICAL/tools/runtime/README.md,7620,965c81acb3d3209809e2a42b2d9ec42415b28c980b9ac9c2e963ae4ea8ac3f5a
invchain/te053/truth-engine-v2_2.10.6-R3P1_CANONICAL/tools/runtime/__pycache__/run_state.cpython-313.pyc,187450,00d93e7834a970ff170481ebfd9de78d912e4a2c23392a6839fe3689e2a1354b
invchain/te053/truth-engine-v2_2.10.6-R3P1_CANONICAL/tools/runtime/run_state.py,107428,81effd7bfef4ddcdacba1f9a4139cd856fae0eb7853518846f2381a49869d77e
invchain/te053/truth-engine-v2_2.10.6-R3P1_CANONICAL/tools/verify/__pycache__/verify.cpython-313.pyc,130955,7e899d387a2a406a58c83160f90eb7d7f5ed2923409c22dfa9a0a9f35607be1f
invchain/te053/truth-engine-v2_2.10.6-R3P1_CANONICAL/tools/verify/verify.py,89673,2dd969529d7c15d5bb7c464a185c56c284575f65c76a71b2af2a495887e76018
